Id,Name,Age,Gender,Salary,Joining Date,Is Active,Comments
1,Ashley Frye,21,Other,30940.67,12/20/2018,TRUE,Beautiful key throughout factor trial who be.
2,Thomas Williams,57,Female,39906.95,5/10/2020,FALSE,Moment owner study case.
3,Jesus Robertson,40,Male,34504.8,10/7/2023,FALSE,Tree manager citizen heavy its long participant.
4,Rachel Burke,63,Male,80693.59,4/2/2019,FALSE,Bank cause clear.
5,Mario Phillips,46,Female,48468.47,8/20/2016,FALSE,Focus entire energy save official newspaper.
6,William Fernandez,49,Female,30642.52,12/21/2020,FALSE,Mention ball stock develop.
7,Ashley Alvarez,63,Female,76280.26,2/13/2019,FALSE,Weight reduce rise gas build.
8,Dr. Timothy Morris,49,Female,83692.11,11/7/2017,FALSE,East test teacher.
9,Gabriel Gonzalez,19,Female,93688.13,3/10/2021,FALSE,Husband walk including everyone.
10,Lori Watson,45,Female,117509.82,7/29/2019,TRUE,Like expect you participant.
11,Michael Garza,31,Other,70662.66,4/6/2023,FALSE,Campaign particularly site.
12,Elizabeth Hester,18,Other,64548.17,10/12/2018,TRUE,Lead gun sign wife change.
13,Douglas Rogers,50,Male,61516.72,12/30/2018,TRUE,Amount animal indeed.
14,Bruce Jackson,43,Male,60034.99,10/15/2015,FALSE,She assume beautiful listen subject.
15,Curtis Daniels,57,Male,31982.57,8/31/2024,TRUE,Smile recognize international us less.
16,Mark Davenport,27,Female,70857.66,10/17/2023,FALSE,Under economy wife how someone image.
17,Kimberly Moore,56,Other,32299.65,8/8/2024,TRUE,Same service ask western structure practice.
18,Dennis Craig,65,Male,56760.86,4/7/2025,FALSE,Property put small recent.
19,Erin Johnson,60,Other,85310.54,5/31/2023,FALSE,Garden second western general article then she vote.
20,Reginald Torres,65,Other,46098.6,4/22/2021,TRUE,Age thank deal case almost politics pay.
21,Jacqueline Mcgee,25,Female,95553.31,8/19/2016,TRUE,Air image against easy with year value.
22,Michael Johnson,32,Male,38563.3,2/8/2024,TRUE,Over rate five name.
23,Charles Smith,46,Male,101822.79,7/15/2019,TRUE,Work ask out never we deep thus vote.
24,Robert Shelton,45,Female,70537.35,4/28/2018,TRUE,That military wrong program their.
25,Leonard Strong,44,Female,80369.29,5/6/2015,FALSE,Second boy must.
26,Vincent Vasquez,34,Male,74988.73,9/12/2024,TRUE,That feel safe course hotel only.
27,Kimberly Sutton,48,Female,58171.01,11/16/2018,FALSE,Eat generation risk none interview.
28,David Gross,18,Female,118394.76,1/15/2016,FALSE,Leader personal whom style financial own.
29,Andrew Hubbard,62,Male,40150.55,9/11/2019,TRUE,Surface Congress benefit on full fly seem campaign.
30,Rebecca Robertson,39,Female,81259.62,12/2/2024,TRUE,Knowledge number then dinner.
31,Stephanie Lindsey,63,Male,67923.82,6/2/2022,FALSE,Fear control several election benefit sometimes.
32,Anna Stewart,41,Other,78061.17,1/15/2021,FALSE,Value thought beyond.
33,Shannon Shaw,35,Other,85079.43,6/25/2015,FALSE,Left high base water.
34,Jason Harding,59,Other,53901.5,12/4/2023,FALSE,Chair win establish usually.
35,Elizabeth Castillo DDS,60,Male,31775.49,4/9/2017,TRUE,Mind lay kitchen crime spring.
36,Tina Hernandez,34,Male,62234.76,10/24/2022,TRUE,Loss office training last for service.
37,Lauren Martinez,22,Female,77491.07,4/2/2023,TRUE,Teacher different nearly college generation community.
38,Darren Olson,45,Other,82867.97,1/30/2020,FALSE,Act building consumer family return clearly strategy.
39,Jason Bowman,18,Other,57759.56,4/23/2024,FALSE,Feel idea poor east fact officer poor.
40,Alexandra Wolfe,57,Male,51820.14,10/20/2019,TRUE,Available nature amount always Mrs.
41,Mckenzie Anderson,55,Female,76426.41,3/17/2020,TRUE,Tax fund out my.
42,Tyler Perez,19,Other,101521.27,3/5/2018,FALSE,Employee owner seat hospital both clear exactly.
43,Kathleen Johnson,52,Male,91559.5,10/31/2017,TRUE,Computer world yourself green.
44,George Powell,27,Other,99405.23,8/9/2017,TRUE,Source adult stage provide customer consumer happen very.
45,Rachel Wilson DDS,33,Male,41444.93,10/20/2022,FALSE,Affect ago wide program campaign must western.
46,Virginia Collins,63,Female,89057.58,9/8/2015,FALSE,Available might view sit shake thus cell real.
47,Amanda Raymond,43,Female,59313.5,10/29/2019,FALSE,Always land collection rock concern.
48,Robert Novak,45,Female,34225.8,3/27/2021,FALSE,Chair ten support detail until approach.
49,Christina King,34,Female,52243.53,1/1/2018,TRUE,Activity clearly base eye popular goal.
50,Christina Duncan,42,Male,55546.3,7/14/2020,FALSE,Near fund accept scientist agency order student.
51,Rachael Singleton,19,Other,52579.13,9/17/2018,FALSE,Crime model movement any TV.
52,Steve Bauer,55,Other,114659.77,7/16/2019,FALSE,Fill become my after.
53,Dawn Pugh,58,Other,72967.51,5/26/2023,TRUE,Business range consumer staff.
54,Candace Lee,44,Other,50222.71,3/1/2016,TRUE,Seem establish eight available speak.
55,Michelle White,54,Female,32268.95,6/15/2018,TRUE,Can break physical floor car.
56,Susan Townsend,60,Male,117541.94,8/30/2016,TRUE,Begin return whom low good happen information.
57,Michael Harper,47,Female,106123.33,5/9/2021,TRUE,Resource southern job lawyer.
58,Karen Shaw,65,Other,84416.75,3/13/2017,TRUE,Contain book section rate knowledge so available.
59,Lynn Bailey,35,Male,31033.73,8/14/2019,TRUE,Soon audience difference partner card responsibility front.
60,Kristin Luna,46,Female,89424.9,1/9/2016,FALSE,Gas last response season line really happy quite.
61,Stacey Phillips,26,Other,96157.73,7/14/2015,TRUE,Face pretty thousand notice.
62,Joshua Gallagher,41,Other,100123.39,6/7/2015,FALSE,Discuss spring exist whole space father section sound.
63,Steven Mccoy,64,Other,91568.08,5/4/2021,FALSE,Always effect statement loss consumer lawyer music.
64,Tiffany Logan,51,Female,73227.44,5/25/2017,FALSE,Nature daughter drop laugh represent case language.
65,Thomas Nelson,38,Male,47562.99,3/18/2020,TRUE,Tax wait inside.
66,Elizabeth Mcclain,54,Female,83844.52,7/24/2023,FALSE,Once agree start nice particularly group.
67,James Gonzalez,55,Female,68639.27,11/22/2024,TRUE,In today boy he accept by care.
68,Rhonda Macdonald,47,Male,55656.76,8/10/2017,TRUE,Support radio change green model seem.
69,Thomas Vincent,33,Other,69065.8,10/8/2016,FALSE,Account them seat.
70,Isabella Fischer,28,Male,111608.21,8/22/2022,FALSE,As tax section green area share politics.
71,David Avila,31,Other,41714.31,6/5/2019,TRUE,Set I question ahead reason city.
72,Eric Harvey,22,Male,113641.15,3/17/2025,TRUE,Exactly stock method court back according single.
73,John Adams,38,Female,66360.87,3/22/2019,FALSE,Represent feeling sign top range.
74,Austin Wells,36,Female,35104.26,12/3/2024,FALSE,Board truth final.
75,Amanda Guzman,52,Female,99672.07,10/21/2020,TRUE,Another lose gas hospital notice yard left.
76,Mrs. Monica Thompson,54,Female,103098.8,5/24/2022,FALSE,Crime enough visit hundred firm consumer generation city.
77,Samuel Small,30,Other,91681.57,9/2/2016,FALSE,Right chair impact two.
78,Michaela Rosario,20,Male,47725.71,1/28/2021,TRUE,Decade enter choice next.
79,James Hunt,48,Male,113003.66,10/22/2020,TRUE,Central forget send else what unit thought.
80,Terry Mcpherson,61,Female,40094.44,8/21/2018,TRUE,Response environment career bill race short.
81,Glen Hess,21,Female,34250.58,10/7/2023,FALSE,Service research store stock dream candidate special.
82,Desiree Hooper,23,Male,67064.84,9/27/2020,TRUE,Professional list green home five.
83,Angel Mejia,52,Female,113257.62,1/16/2022,FALSE,Word cultural from.
84,Amy Smith,53,Other,86926.55,12/28/2020,FALSE,Anything kid choice career baby.
85,Christopher Cowan II,50,Male,61590.7,2/26/2018,FALSE,Shoulder store soon base traditional answer.
86,Alexis Jones,58,Other,79297.59,12/22/2019,TRUE,Those agent direction technology job.
87,Joanne Jackson DDS,59,Male,46447.54,2/23/2022,FALSE,In list need matter.
88,Heather Alexander,26,Other,98929.57,11/11/2021,TRUE,Including rest reduce whom.
89,Aaron Carlson,65,Other,38306.8,5/21/2021,TRUE,Simply growth than successful successful.
90,Joyce Gonzales,35,Male,78122.05,11/10/2022,FALSE,Reduce feel can approach control policy former.
91,Bradley Harris,21,Female,96662.2,7/1/2022,FALSE,Trouble million live president inside suddenly bit.
92,Daniel Kennedy,52,Female,108702.67,12/26/2023,FALSE,She pay deal suffer beat.
93,Victoria Peters,47,Other,100415.43,2/6/2022,FALSE,Idea area process keep ahead whatever man.
94,Christina Ruiz,64,Other,60191.47,7/2/2023,FALSE,Piece success own fly.
95,Zachary Harvey,54,Male,75847,5/25/2020,FALSE,Expect sure away on natural improve.
96,Paul Steele,54,Female,89802.68,5/15/2017,FALSE,Culture mission activity federal notice finally television.
97,Lisa Baker,25,Other,99445.02,2/15/2020,TRUE,Change marriage might people necessary involve half.
98,Carla Robinson,36,Female,47312.22,1/31/2023,TRUE,Week yet page price his affect floor.
99,Melody Martin,56,Other,77320.57,9/23/2021,FALSE,Building current eight side team cold.
100,Shelby Davidson DDS,48,Female,38296.6,9/13/2022,TRUE,These kitchen adult part guy floor.
101,Todd Fletcher,41,Male,51875.58,11/29/2016,FALSE,Thus off police former.
102,David Riley,59,Male,97293.01,5/27/2022,TRUE,Turn if discussion rich get until require.
103,Ronald Berg,61,Female,45639.15,10/17/2022,FALSE,Eight reduce move.
104,Jay Lewis,27,Other,63664.88,8/26/2024,TRUE,Win research tend Congress whom.
105,Mr. Chris Rios,19,Male,86171.81,9/2/2015,FALSE,Myself mind side.
106,Jill Flores,28,Male,86980.7,1/14/2021,FALSE,When or grow sure ability consumer party.
107,Sarah Bradford,52,Other,33723.71,11/25/2018,TRUE,American animal perform interesting answer fund.
108,Shawn Jones,38,Female,119568.13,9/14/2019,TRUE,Minute guess room west.
109,Rebecca Silva,49,Female,66530.24,1/14/2025,TRUE,Expect always campaign again.
110,Tony Barnes,31,Other,117279.77,4/1/2025,TRUE,Follow different child believe choose prevent.
111,Tracy Green,59,Other,71360.21,4/3/2016,FALSE,Citizen some wrong pretty raise claim listen.
112,Nicholas Mcgee,22,Other,75574.66,7/6/2015,FALSE,Personal hold amount but.
113,Timothy Weiss,57,Male,62649.15,8/3/2024,TRUE,Easy media event seek.
114,Sharon Johnston,61,Other,108446.88,10/4/2018,TRUE,Receive wide people skin something while.
115,Andrew Harris,36,Female,79898.08,1/11/2023,TRUE,Cost turn yet shoulder of.
116,Nicole Reed,25,Other,73052.11,11/15/2023,TRUE,Wait risk police range dinner their.
117,Mrs. Tammy Baker MD,55,Other,73325.1,8/10/2024,FALSE,Develop mention challenge both cause.
118,Greg Olson,61,Female,103705.4,12/7/2016,TRUE,Fear character school.
119,Denise Allen,48,Female,106476.26,2/10/2018,FALSE,Determine up go at trip speak.
120,Shannon Campbell,49,Female,89650.18,1/10/2025,FALSE,Market six have.
121,Lindsey Ramirez,44,Male,67384.4,12/18/2023,FALSE,Agent clearly type.
122,Mitchell Walls,36,Other,108753.69,1/31/2016,FALSE,Education truth newspaper might agency write religious back.
123,Sarah Anderson,40,Female,58603.18,1/6/2025,TRUE,Central glass stuff trade forget from.
124,Andrea Vasquez,31,Other,55063.29,6/9/2019,FALSE,Seem about whether church anything its news.
125,Cindy Taylor,61,Other,94943.15,5/9/2023,FALSE,Majority book raise much finally soldier hour.
126,Michael Hancock,22,Male,89606.1,4/25/2019,FALSE,I would wind ball receive will could.
127,Gerald Elliott,32,Male,106212.26,3/8/2018,FALSE,Girl friend usually.
128,Sarah West,57,Other,63290.41,2/7/2020,TRUE,Understand establish involve grow set.
129,Thomas Davis,30,Male,43840.1,2/4/2017,FALSE,Stuff which light maybe drug.
130,Corey Simpson,42,Female,110213.81,5/30/2022,TRUE,Focus president near support force.
131,Kevin Thompson,39,Other,58633.97,1/13/2021,FALSE,Trade traditional why exactly natural hundred perhaps.
132,Chelsea Williams,41,Male,81363.34,3/24/2017,TRUE,Each visit professor claim final pressure evidence.
133,Kimberly Vega,49,Female,99331.71,11/15/2017,TRUE,National key store or century enough trial fear.
134,Matthew Johnson,29,Male,109387.67,9/27/2018,TRUE,Owner carry leg wonder pay.
135,Katherine Cole,61,Male,51933.12,10/23/2017,FALSE,Personal lead product economy cut down mother send.
136,John Walker,45,Male,39916.47,7/29/2022,TRUE,Voice rise property final development.
137,Dalton King,56,Other,80700.06,4/7/2017,FALSE,Peace skill school traditional catch.
138,Roberto Wilkinson,58,Male,45560.1,12/14/2020,FALSE,Life religious sing oil.
139,Peter Hopkins,25,Male,90667.38,5/20/2023,FALSE,Decade save start bit among.
140,Courtney Brown,57,Male,87499.41,12/22/2023,FALSE,Behavior rather people student week.
141,John Norton,26,Other,64431.28,2/7/2021,TRUE,Nice listen story throughout own let.
142,Joel Hale,41,Male,53282.07,1/17/2016,FALSE,Reality week former those leader nearly together.
143,Leonard Garcia,32,Other,113597.33,9/6/2016,FALSE,Body too material parent director tax.
144,Wendy Smith,42,Female,96937.7,12/7/2017,TRUE,Contain thing gas senior interesting career.
145,Emily Rush,43,Male,108410.8,7/15/2021,TRUE,Education information group win real however.
146,Michelle Collins,38,Other,115649.02,10/16/2017,TRUE,Republican cover affect the fear.
147,Daniel Barnes,65,Male,41579.57,6/22/2015,TRUE,Develop deep movement before left range but.
148,Charles Johnson,19,Other,56984.4,4/2/2023,FALSE,These speech data anything evidence cultural.
149,Olivia Henson,22,Female,32953.22,12/31/2017,TRUE,Whom always them.
150,James Williams,24,Female,82186.01,12/17/2015,FALSE,Choice how later.
151,Mary Valencia,55,Other,80248.21,1/28/2016,FALSE,Environment wind authority mouth former.
152,Mary Morrow,45,Male,39075.34,10/28/2019,TRUE,Threat read himself report class in.
153,Michael Holder,39,Male,112132.44,10/4/2016,FALSE,Effort writer others order common state notice lead.
154,Joshua Norman,27,Other,116011.46,9/9/2015,TRUE,Today help give very travel.
155,William Hill,26,Other,32455.75,3/16/2016,TRUE,Better entire whatever hit through voice.
156,Jerry Dean,20,Female,83524.01,1/21/2020,TRUE,Carry each practice everything million between television.
157,Alex Jackson,44,Female,44620.95,12/23/2024,FALSE,Trip material memory several its page.
158,Donna Morris,57,Male,100898.11,10/17/2020,TRUE,Voice because computer education director.
159,Bianca Cunningham,63,Other,87389.19,11/10/2022,FALSE,Trip see benefit.
160,Zachary Hernandez,44,Female,72316.43,10/20/2023,TRUE,Nor view blood role term their another.
161,Michelle Perkins,56,Other,33295.29,2/3/2021,FALSE,Eye culture see determine capital.
162,Thomas Underwood,60,Female,109451.81,2/10/2025,FALSE,Stuff job stay.
163,David Hale,41,Other,71929.04,9/16/2024,TRUE,Authority amount over shoulder president popular.
164,Anna Rangel,36,Other,68111.54,10/28/2020,TRUE,Us concern important a actually.
165,Brandy Russell,44,Other,77334.35,12/18/2017,TRUE,Worker page catch after majority follow.
166,Donald Bush,50,Other,37507.82,5/3/2024,FALSE,Everything consumer player speak sit world believe.
167,John Martin,37,Female,107003.97,4/16/2022,FALSE,Add scientist tonight conference clear task probably.
168,Michael Mendoza,40,Other,96432.25,9/24/2020,FALSE,Expect environmental across clearly for.
169,William Cruz,61,Female,71170.38,11/9/2015,FALSE,Need appear you concern local body food.
170,Michelle Porter,55,Female,96844.09,5/21/2021,TRUE,Drive enjoy camera concern network information.
171,Charlotte Curtis,29,Female,102468.03,4/3/2023,TRUE,Treat trip force key total spring.
172,Pamela Smith,31,Male,43840.24,3/1/2019,FALSE,Evidence camera first offer.
173,Jack Campbell,52,Male,110028.37,11/24/2017,TRUE,Figure always continue large radio card just.
174,Kim Scott,56,Other,66094.97,6/14/2020,TRUE,Activity marriage body tax.
175,Richard Miller,54,Other,36420.57,8/30/2015,TRUE,Say official fill opportunity.
176,Vanessa Martinez,24,Male,43140.27,8/1/2022,FALSE,Provide thousand report never.
177,Kristin Chambers,30,Male,75405.25,9/8/2024,FALSE,Poor challenge miss relationship.
178,Kara Brown,60,Other,52942.56,2/21/2021,TRUE,Thing nothing someone side mention imagine after.
179,Stephanie Allen,34,Other,76617.07,2/27/2024,FALSE,Home book finally.
180,Jeffrey Collins Jr.,28,Other,113955.72,2/26/2017,TRUE,Stand him interest.
181,Christopher Jones,49,Male,72329.06,5/29/2021,TRUE,Sing lawyer decide.
182,Michael Smith,24,Male,92598.83,9/18/2021,FALSE,Condition peace claim watch traditional service business.
183,Douglas Lambert,27,Male,98825.95,7/9/2019,FALSE,Conference everybody cut court else idea.
184,Sarah Peters,60,Other,73135.04,9/21/2018,FALSE,Early ready fund.
185,Adriana Davis,41,Other,83119.71,1/27/2016,TRUE,Must arrive dog nothing better risk mother good.
186,Ronald Boyd,36,Female,62542.92,10/31/2015,FALSE,Religious evidence so better ability region.
187,Kimberly Frank,36,Other,68776.39,11/29/2023,FALSE,At employee officer plan business road.
188,Mrs. Karen Peck,33,Other,70994.05,8/31/2017,TRUE,Then realize authority tell represent.
189,Ashley Bell,45,Other,67152.21,2/17/2017,FALSE,Turn hundred traditional law successful camera.
190,Larry Rodriguez,50,Other,84718.23,4/3/2021,TRUE,Help now culture really.
191,Christy Thomas,35,Female,32578.55,12/17/2020,FALSE,Success short strong fish manager near matter.
192,Theresa Brock,48,Male,71182.14,3/14/2021,FALSE,Scientist visit record pull attorney last mean push.
193,Lisa Jackson,19,Female,54192.39,8/1/2021,TRUE,Security others stuff me.
194,Sydney Norton,20,Male,92601.47,9/9/2024,FALSE,Summer really population look career.
195,Angela Ramirez,63,Female,62512.86,5/15/2015,FALSE,At law resource machine.
196,Lindsay King,42,Male,110725.38,1/28/2021,FALSE,Positive campaign write Mr but ability.
197,Brittany Rangel,25,Female,32884.5,4/6/2017,FALSE,Try important head tree term.
198,Victoria Estrada,32,Other,98857.35,5/12/2015,FALSE,Watch on onto series cut.
199,Richard Johnson,47,Male,99213.64,9/30/2017,FALSE,Debate ground interview more.
200,Susan Perry,39,Female,35832.62,10/1/2024,TRUE,Test outside yet real information.
201,Stephanie Figueroa,33,Male,31047.08,8/3/2015,FALSE,Huge hair act let again.
202,Kyle Miller,19,Female,80008.56,1/6/2022,FALSE,Hold difficult relationship at young.
203,Willie White,42,Male,46899.35,2/14/2021,FALSE,Seven visit who air front visit.
204,Charlotte Nicholson,53,Female,49187.77,3/14/2020,TRUE,More station plant million.
205,David Rodriguez,41,Male,96734.76,8/27/2021,TRUE,Determine executive conference thought them.
206,Karen Robinson,23,Female,83365.05,2/13/2022,FALSE,Age drop local sell quality message must other.
207,Dale Garrett,41,Female,118250.16,9/9/2022,FALSE,Old surface majority begin.
208,Lindsay Park,43,Other,71117.63,5/18/2022,FALSE,Arm lawyer language relate.
209,Larry Fischer,48,Male,46662.98,8/20/2023,FALSE,Since five no plan sea wait western option.
210,Charles Thompson,52,Male,51804.55,12/14/2024,TRUE,Recent parent interview partner.
211,Christina Robinson,42,Male,63671.91,6/2/2019,TRUE,Total conference administration court consumer few why.
212,Sandra Gomez,25,Other,89812.06,5/16/2015,TRUE,Fund scientist quickly professor pressure senior threat.
213,Luke Lewis,43,Female,67641.99,2/17/2019,FALSE,Fill forget decide school report shake wear.
214,Nancy Stewart,30,Male,55610.68,11/18/2017,TRUE,Environment market work happen.
215,Samantha Mcintyre,20,Other,108922.36,12/19/2023,TRUE,Across deal hot form camera decision meet.
216,Michele Jones,57,Female,37222.53,8/10/2016,FALSE,Writer become realize institution moment challenge.
217,Andrea Smith,65,Other,95408.06,10/17/2021,FALSE,We often test word.
218,Michelle Morse,22,Female,77019.93,1/3/2023,TRUE,This yeah little read represent.
219,Deborah Rivera,43,Other,81453.3,5/23/2021,FALSE,Career experience model nothing.
220,Terri Wood,38,Other,51458.8,10/28/2023,FALSE,Avoid general center century to be soldier.
221,Patricia Rodriguez,48,Other,108411.36,9/1/2019,FALSE,Throw explain against it important.
222,Cassandra Miller,22,Female,114691.56,11/3/2024,TRUE,Test government truth lead goal game.
223,Daniel Medina,35,Male,50911.13,7/21/2019,TRUE,Market international heart thus stage information religious college.
224,Natalie Hawkins,40,Other,39983.57,3/11/2016,TRUE,Eye play relationship try stand.
225,Brandon Jordan,29,Other,97815.11,8/19/2023,TRUE,Several stock minute memory.
226,Carolyn Thomas,52,Other,36377.93,11/26/2018,FALSE,Exactly sell two theory receive fact Mr.
227,Carolyn Lee,59,Female,106464.75,11/21/2015,TRUE,Break reflect consumer hour health lay unit.
228,Eric Cox,26,Female,97486.38,4/5/2024,TRUE,Officer less name heart.
229,Katelyn Boyer,23,Other,40577.96,7/2/2017,FALSE,Far practice age audience forget ground Mr.
230,Jessica Robertson,61,Other,55172.72,1/21/2016,FALSE,Follow heart all forget not.
231,Kevin Garza DDS,31,Female,34627.76,7/31/2019,FALSE,Before huge represent go since.
232,Laurie Newton,64,Other,107761.37,4/17/2023,FALSE,Him firm off what door.
233,James Boyd,24,Other,70398.45,6/15/2020,TRUE,Cover help through money let become much.
234,Justin Little,62,Male,75033.02,7/4/2022,FALSE,Pick yet pull including particular spend lead.
235,Catherine Duncan,21,Other,115811.23,8/10/2015,TRUE,Already focus civil decide wall today bed.
236,Daniel Chen,50,Female,88513.75,4/8/2022,FALSE,Later figure do next charge.
237,Caitlyn Stewart,30,Female,84953.29,3/3/2020,FALSE,Bad exactly bed difficult agree.
238,Molly Simpson,25,Male,63562.53,9/20/2019,TRUE,Eat dream through choose full.
239,Ryan Davis,62,Male,48833.71,4/10/2024,FALSE,Close try general.
240,Daniel Manning,62,Other,61933.96,6/6/2018,FALSE,Key tough sit after include.
241,Tracy Lewis,28,Female,96635.2,12/4/2021,FALSE,Question field left teacher call student.
242,Maria Anderson,60,Male,82486.88,1/2/2019,TRUE,Pretty cultural fire quickly my too.
243,Robert Obrien,25,Male,74680.83,8/31/2023,TRUE,Sure gun color instead should speak physical parent.
244,Margaret Torres,32,Other,56604.71,1/26/2025,TRUE,Enough prepare action line add.
245,Justin Hale,32,Male,87564.16,2/14/2024,FALSE,Level experience wish mission.
246,Michael Ward,46,Female,63901.61,4/25/2024,FALSE,Now sister board theory hotel develop early involve.
247,Donna Parker,43,Other,110417.42,3/11/2025,TRUE,Pattern drug fund something tax difference.
248,Kelly Hart,30,Other,70592.96,1/7/2018,FALSE,Series check party.
249,Diane Cruz,51,Other,65554.1,5/19/2021,FALSE,Reveal example under.
250,Eric Miller,25,Male,46474.31,8/29/2023,TRUE,Which former stuff mother.
251,Catherine Willis,40,Other,101257.43,10/21/2021,FALSE,Save approach build thought loss suffer sure.
252,Kristen Scott,59,Female,73957.58,8/14/2021,FALSE,Appear bar social start wife defense.
253,Lisa Miller,44,Other,82939.34,1/18/2016,FALSE,Enter customer trial or feeling.
254,Linda Ortiz,33,Female,60844.67,11/3/2019,FALSE,School since party.
255,Sean Copeland,47,Female,101273.98,11/25/2023,FALSE,Much theory argue doctor structure or believe sense.
256,Jesse Thompson,43,Female,91297.2,6/20/2019,TRUE,Few role sister newspaper special world.
257,Tim Stark,20,Male,99403.76,7/1/2024,FALSE,Could suddenly open successful kid common his.
258,Jennifer Evans,24,Male,61941.65,5/1/2020,FALSE,Response question crime cause prove.
259,Gina Lopez,27,Other,46934.88,11/8/2019,TRUE,Discuss carry fill order employee front marriage unit.
260,Linda Farley,30,Male,85501.46,1/13/2020,TRUE,Goal my pay share car together.
261,James Friedman,34,Male,31747.17,7/1/2023,FALSE,Year ready item record someone instead debate.
262,Laurie Ramirez,35,Female,90224.93,6/8/2022,FALSE,Begin picture design audience again old know.
263,Margaret Alexander,57,Other,47531.68,4/13/2024,FALSE,Once section hair of discuss low crime.
264,Jennifer Herring,32,Other,38201.45,2/23/2019,TRUE,Western player discuss south.
265,Emily Miller,22,Male,115421.8,10/20/2022,TRUE,Including design add program themselves.
266,Cindy Phillips,44,Male,108219.77,5/31/2020,FALSE,Resource and training alone.
267,Tammie Moore,55,Other,56069.25,4/30/2016,FALSE,Type growth camera strong speech wrong never.
268,Michael Merritt,61,Female,99557.34,11/7/2020,FALSE,Morning policy artist develop effect.
269,Laura Henry,42,Female,110030.8,5/18/2017,FALSE,Law strategy eight probably out democratic.
270,Juan Atkins,63,Male,39761.24,8/14/2022,FALSE,Beautiful claim cause through.
271,Lisa Hamilton,56,Male,74966.66,2/11/2016,FALSE,Send half bag reality quite those.
272,Isabella Edwards,27,Other,67364.9,4/16/2015,TRUE,Difference billion avoid outside camera under quite discussion.
273,Taylor French,29,Male,107207.4,2/26/2020,FALSE,Arm three oil able likely buy.
274,Kathleen Collins,62,Other,86859.6,4/30/2016,FALSE,Least yourself strong technology above.
275,Tiffany Anderson,63,Female,90477.91,8/9/2023,TRUE,Minute much crime suffer yet think argue.
276,Paul Ross,36,Female,89384.69,2/27/2022,TRUE,Eat arm security animal central goal.
277,Daniel Jones,42,Other,37986.9,10/26/2021,FALSE,Red moment yeah just political stage.
278,Jose Johnson,60,Male,61456.92,8/23/2023,FALSE,Tv sort campaign need success Mr service.
279,Emily Garcia DVM,41,Other,42530.99,12/25/2022,FALSE,Choice real member election we land edge.
280,Mr. Justin Ellis,56,Male,98785.85,9/17/2016,TRUE,Run when cost size which service skill.
281,Daniel Greene,32,Male,84518.95,12/25/2015,FALSE,Operation new official improve statement support.
282,Robin Luna,59,Male,92184.12,2/25/2020,FALSE,Field blue worry argue home federal day.
283,Kara Webb,35,Female,106294.22,6/14/2023,TRUE,Between clearly develop idea through you laugh.
284,Maria Simpson,65,Other,58201.76,4/11/2022,FALSE,Official say much choose.
285,Lisa Williams DDS,60,Male,117726.36,6/6/2017,FALSE,Real her bed according speak development man.
286,Jared Stephens,35,Male,104315.29,9/11/2018,TRUE,Area sign situation finish there government personal.
287,Nathan Stewart,59,Female,92745.58,12/24/2019,FALSE,Piece explain threat live real.
288,Melissa Snyder,65,Other,33229.39,6/24/2020,FALSE,Sea physical serve best skill.
289,Sandra Smith,19,Female,79106.42,9/4/2015,TRUE,Peace entire home.
290,Richard Ellison,47,Other,62210.95,4/28/2020,FALSE,Only analysis Mrs bring then apply happen east.
291,Jessica Harper,58,Male,47510.33,6/11/2018,TRUE,New which thing story any issue degree.
292,Lauren Brown,39,Female,82587.84,8/26/2023,TRUE,Pattern standard particular million.
293,Rebecca Berry,50,Other,83093.65,3/17/2020,FALSE,Hotel into hot yet including.
294,Paula Villarreal,47,Male,57821.47,3/23/2023,FALSE,Put loss according authority.
295,Jose Fischer,36,Other,35018.52,2/6/2018,TRUE,Know wife consumer great new.
296,Meredith Simmons,47,Male,87010.98,12/23/2017,TRUE,Similar whole include collection pass audience.
297,Claudia Hall,30,Female,76611.59,2/25/2018,TRUE,Whose magazine score what.
298,Jodi Robinson,60,Female,111654.99,10/22/2020,TRUE,Despite white read probably usually.
299,Brian Anderson,32,Male,44714.49,9/28/2020,FALSE,Force be ahead for condition.
300,Joshua Dixon,55,Other,71158.91,10/11/2022,FALSE,Defense about executive black size civil young.
301,Isaiah Sexton,20,Male,41188.88,12/1/2024,TRUE,Reach woman policy majority your.
302,Deborah Bender,32,Other,38592.97,11/9/2017,FALSE,Owner guess turn author.
303,Jake Valdez,49,Male,115387.12,1/14/2021,FALSE,Remember air unit deal.
304,Brian Curry,51,Other,107802.66,9/19/2020,FALSE,Line soon fast break.
305,Sarah Williamson,40,Other,47304.91,2/13/2020,TRUE,Nor beat evidence election.
306,Bryan Coleman,43,Male,92158.54,4/27/2017,TRUE,Whose bar unit institution road perform every.
307,Ronnie Cox,42,Female,80852.07,3/17/2025,FALSE,Partner television today energy factor back suffer.
308,Adam Watson,65,Male,106446.61,10/15/2021,FALSE,Avoid give meeting Mrs enjoy take set.
309,Karen Gordon,55,Other,66244,2/24/2024,FALSE,Live stock bag outside staff current item.
310,Elizabeth Taylor,30,Other,41449.98,2/24/2019,FALSE,Bit fund discuss scene.
311,Brenda Martinez,57,Female,117166.92,11/29/2015,FALSE,Feeling become interesting project around perform two.
312,Brad Wright,56,Male,105890.61,7/25/2023,FALSE,Member listen by else Mrs.
313,Melissa Lopez,43,Other,103867.12,5/6/2017,FALSE,Mother wife since check foreign lay.
314,Sarah Freeman,24,Male,90023.36,4/3/2023,TRUE,Against present watch federal behavior dream.
315,Ms. Angela Garcia MD,55,Male,86543.64,8/15/2015,TRUE,Throw white brother officer question prevent son.
316,Kenneth Johnson,58,Male,100694.19,8/7/2016,TRUE,Mother each research his alone training first.
317,Matthew Reid,52,Female,73285.81,6/30/2019,TRUE,Where fish return probably.
318,John Ward,26,Female,92333.12,11/1/2024,TRUE,Exist education his herself speak.
319,Larry Cruz,45,Male,94919.51,1/17/2017,TRUE,Region consider per course house yourself move.
320,Margaret Gonzalez,62,Male,36619.72,1/11/2019,TRUE,Deep hot fly eye leave.
321,Thomas Perry,59,Other,86115.06,5/21/2020,FALSE,Value plan position determine away five five.
322,David Webb,22,Female,99075.48,3/20/2021,FALSE,Arm responsibility should debate keep cost then seat.
323,Cassandra Walton,45,Female,34721.13,6/18/2020,FALSE,Discuss each want drug check onto life.
324,Daniel Webster,49,Male,34708.22,6/24/2024,FALSE,Carry to another computer oil discussion movie.
325,Melanie Williams,42,Male,36203.56,6/28/2024,FALSE,Do question your coach fish idea interview parent.
326,Joshua Davis,48,Other,111120.21,11/20/2019,FALSE,Security language mission sometimes someone story.
327,Cynthia Hill,59,Female,55526.74,1/9/2021,FALSE,Consumer book personal news threat.
328,Marcus Parsons,61,Male,104224.34,6/4/2017,FALSE,Individual return provide.
329,Anthony Clayton,22,Other,42839.66,9/29/2018,TRUE,Either behind usually day form response.
330,Peter Jones,32,Male,63236.17,8/2/2015,FALSE,On off goal too always reach.
331,Molly Hunt,20,Female,61083.94,9/23/2023,TRUE,Major fund look western.
332,Kristen White,53,Female,60571.96,10/1/2015,FALSE,Store economy model reality article bed machine.
333,Brittany Thompson,29,Female,81083.55,6/24/2019,TRUE,Send too relate thought different.
334,Mrs. Morgan Wilkins,44,Male,110575.31,5/29/2018,FALSE,Each return can single have community plant.
335,Cynthia Crawford,64,Other,68969.98,8/26/2019,TRUE,Painting task whether democratic.
336,Katrina Morris,25,Female,58067.29,4/28/2016,TRUE,Allow avoid future rock edge hair.
337,Gregory Browning,30,Female,42322.54,3/1/2024,FALSE,Us financial else guy him.
338,Sara Huerta DVM,27,Female,113108.84,9/1/2015,FALSE,Board daughter tough professional goal.
339,April Howell,47,Female,119582.09,3/17/2024,FALSE,Tell necessary fight news several.
340,Austin Aguilar,35,Male,84123.85,7/12/2016,TRUE,Research bad name soon market.
341,Deborah Hardy,53,Other,115508.88,3/10/2025,TRUE,Or board test than perform dog.
342,Rebecca Shepard,60,Female,34392.42,1/6/2024,FALSE,Speak hair film force.
343,Cynthia Snow,65,Female,71200.76,8/26/2019,FALSE,Usually use former skin wind and.
344,Jack Turner,24,Female,63448.9,11/23/2016,FALSE,Water apply during party Mr after.
345,Dr. Victoria Robinson,19,Female,101651.28,5/21/2024,TRUE,Peace onto still movie approach.
346,Valerie Roberts DDS,33,Other,86603.46,6/14/2015,TRUE,Sound character service describe.
347,Jordan Henderson,19,Other,116845.93,6/24/2022,TRUE,Several push recent attention.
348,John Diaz,59,Female,99680.33,8/14/2016,FALSE,Alone just performance campaign.
349,Kristin Johnson,37,Other,108845.43,6/18/2017,TRUE,Purpose begin president simply.
350,James Romero,20,Male,50937.34,1/18/2021,TRUE,Floor special international friend.
351,Matthew White,31,Female,92498.44,12/28/2020,TRUE,Move expert that political nature.
352,Justin Anderson,55,Male,75654.5,1/17/2022,FALSE,Wife pattern more exactly beautiful ready decade.
353,Alyssa Jackson,32,Male,118666.07,5/31/2017,TRUE,Could history town nice those town receive suddenly.
354,Judith Parker,28,Male,84701.01,6/4/2015,FALSE,Improve fish room.
355,Michael Hudson,20,Female,97972.64,10/16/2023,FALSE,Show decision always million such thousand.
356,Steve Davis,53,Female,37964.74,1/23/2023,FALSE,Reality him change you.
357,Sergio Brady,30,Other,55994.45,9/25/2022,FALSE,Seek term fall from medical.
358,Meghan Burke,38,Other,112580.37,9/18/2020,FALSE,Prepare develop between.
359,Selena Ramirez,64,Male,40095.31,3/23/2021,FALSE,Everyone budget many safe for room million.
360,Janice Rogers,30,Female,45217.36,11/28/2021,TRUE,Democrat certainly how offer will true ability collection.
361,Krista Melendez,31,Other,38394.68,7/2/2020,FALSE,Trade radio live article address.
362,Theresa Nielsen,62,Other,61518.3,9/10/2020,FALSE,Discuss their also product make.
363,Randy Davidson,61,Female,67183.93,5/16/2024,TRUE,Ready a change live guess expert.
364,Johnny Anderson,33,Female,108573.37,1/27/2017,FALSE,This education close.
365,Sarah Hardy,23,Female,119921.28,7/24/2015,TRUE,Direction imagine provide dark since nor.
366,Jasmine Kelly,23,Female,84960.79,4/5/2016,TRUE,Phone understand interview activity.
367,Natalie Hamilton,47,Other,52783.83,10/6/2020,TRUE,Determine have less hope any sit.
368,Jeffrey Martin,48,Male,92939.7,7/6/2022,TRUE,Do head trial foreign.
369,Nathan Peterson,39,Female,110309.41,9/8/2018,TRUE,Assume house indeed.
370,John King,65,Female,100701.06,6/5/2023,TRUE,Hope Congress main race within about.
371,Justin Wilson,44,Male,87641.92,12/1/2017,FALSE,The probably window know able record.
372,Debra Moody,34,Female,35046.89,6/18/2023,TRUE,Capital blood phone include because sit artist.
373,Melissa Banks,63,Female,55779.27,10/4/2020,FALSE,Case during close cultural city identify.
374,Geoffrey Campbell,26,Female,106415.01,4/18/2020,TRUE,Traditional door hope they evening nearly.
375,Terry Salazar,63,Male,88649.64,3/27/2024,TRUE,Have appear apply article summer office music.
376,Marissa Brown,50,Female,107854.65,4/26/2022,FALSE,Son oil occur relate military their.
377,Amanda Melendez,41,Male,60655.32,1/31/2024,TRUE,Direction course candidate sing several make.
378,Sean Owens,30,Other,83813.92,8/13/2020,FALSE,Build worry including power floor prevent perhaps thank.
379,Kathleen Lowe,34,Other,85011.32,8/26/2024,FALSE,Herself recognize all message computer open.
380,Brandon Gregory,46,Other,32552.59,6/22/2024,FALSE,Section two voice spend.
381,Jesus Ferguson,58,Male,50815.6,10/25/2015,TRUE,Partner worry baby PM lay here.
382,Mark Chen,65,Male,41676.81,12/4/2020,TRUE,Series message enjoy study white its leader.
383,Jordan Jackson,34,Male,36991.87,3/30/2020,FALSE,Help candidate say government all.
384,Paul Hunter,30,Other,49896.54,5/21/2020,FALSE,True east part term include might might.
385,Kurt Williams,19,Other,58905.68,7/12/2020,TRUE,Yard store read rule plan.
386,Kathy Henson,49,Other,44340.07,3/28/2024,FALSE,Attention push usually become lot respond.
387,Lisa Downs,20,Female,67253.28,6/25/2016,TRUE,Two difference second data agency sea water.
388,Kyle Johnson,36,Male,103765.57,1/7/2018,TRUE,Source beat sort board.
389,Nicole Martinez,60,Female,32456.73,9/27/2017,TRUE,Sense feel identify health.
390,David Rivera,49,Male,72972.56,10/8/2015,TRUE,List matter course bag talk spend describe dog.
391,Monica Rogers,26,Female,85182.82,6/23/2022,TRUE,Become generation just our recognize young.
392,Micheal Gaines,47,Other,35658.53,4/30/2019,TRUE,Relationship tonight character political rather hit.
393,Monica Hicks,61,Female,68110.11,3/30/2023,FALSE,Son woman edge board whose with.
394,Paul Pena,28,Male,48577.72,1/11/2018,FALSE,Treatment third pay feeling.
395,Christine Choi,40,Male,95491.28,10/21/2022,FALSE,Ready owner strong you according.
396,Anthony Austin,58,Other,102138.87,9/12/2015,TRUE,Over company science glass drive physical.
397,Christopher Grant,43,Female,78132.44,6/9/2018,FALSE,Place time stand who citizen view president executive.
398,Darryl Smith,27,Other,93160.6,11/30/2024,FALSE,Age pay recently gas which response.
399,Christopher Logan,42,Female,87763.03,2/3/2022,FALSE,Media third get third.
400,Megan Greene,49,Female,46416.25,3/20/2019,FALSE,Tree national station test build spring.
401,Ms. Chloe Morgan,56,Male,106885.84,7/22/2019,FALSE,Detail blue natural answer.
402,Dana Jarvis,27,Other,102429.57,3/21/2018,TRUE,Somebody office teach already author.
403,Tanya Thornton,19,Other,100691.83,1/10/2020,FALSE,Begin discussion popular room charge moment happy.
404,Dylan Flores,49,Other,77311.32,7/23/2018,TRUE,Next attack explain great important each.
405,Teresa Graham,33,Female,40168.04,9/1/2018,FALSE,Could hope win than two so.
406,Jackson Smith,28,Female,63565.45,1/6/2020,FALSE,Tonight bed machine military next head develop.
407,Diane Singleton,47,Female,71561.6,2/9/2018,FALSE,Bag of manage make fill read.
408,Christine Atkins,20,Male,116603.41,5/3/2017,TRUE,Learn black increase avoid.
409,Seth Marsh,25,Other,99044.95,1/8/2024,TRUE,Best pattern sing president gas.
410,Kimberly Wright,49,Female,98894.36,12/4/2016,TRUE,Dog someone let open.
411,Heidi Williams,42,Female,118258.84,8/8/2017,TRUE,Be mother discussion poor writer should.
412,Dana Clark,40,Other,115758.26,4/5/2019,FALSE,Run example send reason discussion film rock.
413,Brandon Sanders,21,Other,58582.19,5/1/2015,FALSE,Through case yeah job.
414,Carol Stewart,37,Female,119671.27,5/8/2016,FALSE,Join example half they behind spring.
415,Alicia Pope,27,Female,35031.02,10/27/2021,FALSE,Smile family should ask lawyer environmental.
416,Kim Walter,48,Male,72339.34,8/18/2016,TRUE,Wonder significant over book.
417,Lisa Bishop,47,Other,43389.11,3/9/2016,TRUE,Understand spend strategy away next.
418,Bryan Drake,18,Female,70148.55,6/4/2016,TRUE,Most international onto deal keep dog instead.
419,Mark Anderson,42,Other,99082.47,10/7/2018,FALSE,Civil three those politics.
420,Diamond Gillespie,27,Male,90585.98,2/1/2020,TRUE,Rest long measure open.
421,Jacob Herrera,46,Male,98444.21,3/18/2022,TRUE,Along beyond light.
422,Clarence Taylor,47,Female,83027.66,4/13/2016,TRUE,Tax agency social beautiful free resource vote.
423,Craig Bridges,57,Male,76292.92,5/31/2019,TRUE,Less hospital physical.
424,Marcus Bell,26,Other,83372.14,6/4/2016,TRUE,Identify seek never.
425,Brandon Owens,21,Male,104392.66,1/11/2024,TRUE,Black number talk race.
426,Shane Gardner,54,Male,109025.57,6/23/2019,TRUE,Identify know seven American mind sister.
427,Edward Brown,44,Female,50340.14,9/16/2023,FALSE,They keep address.
428,Darlene Ashley,53,Other,48236.03,9/22/2018,TRUE,Accept explain practice thought win almost improve.
429,Tracie Washington,59,Male,73697.65,8/25/2016,TRUE,Eight low water large decision manage.
430,James Ortiz,20,Other,46622.26,10/13/2022,FALSE,College region indicate newspaper list.
431,Patricia Brown,55,Other,88389.4,7/17/2016,TRUE,Yard PM we not law many.
432,Jenna Watson,41,Male,52353.46,3/28/2020,TRUE,Girl animal cost low.
433,David Cole,61,Other,56639.3,4/29/2020,FALSE,There picture service contain catch maybe fill.
434,Anthony Johnson,43,Male,47571.89,9/28/2015,FALSE,Risk peace air.
435,Brandi Jackson,29,Female,111831.2,4/30/2019,FALSE,Easy stuff fight heart interesting then garden.
436,Eric Miller,59,Male,55296.49,10/30/2021,TRUE,Bit issue interview ask yard.
437,Jennifer Ortega,29,Female,106723.93,6/24/2020,FALSE,System during road truth here.
438,Jonathan Watson,62,Male,66866.87,8/4/2019,FALSE,Role improve skill expert financial size.
439,Daniel Smith,34,Other,110714.11,12/1/2017,FALSE,Just one if such tonight.
440,Tommy Foley,36,Other,108521.84,5/30/2022,FALSE,Public feel clearly mean throughout necessary.
441,David Tucker,40,Other,113551.78,8/1/2023,TRUE,Word thus other little third.
442,Cheryl Duke,19,Other,84772.68,11/17/2019,TRUE,True final item deep society.
443,Jeremy Smith,59,Other,46428.34,11/27/2022,TRUE,Effect catch clearly.
444,Andrew Coleman,31,Male,37178.77,8/6/2021,FALSE,Top say through fact ten.
445,Jessica Love,56,Female,69143.04,4/12/2023,TRUE,Some discussion mention less one speak last.
446,Luis Foster,22,Other,110083.14,12/18/2020,TRUE,Ever soon everything.
447,Sherry Williams,35,Male,78946,9/7/2019,TRUE,Thus force chance long audience condition writer.
448,Kevin Allison,61,Male,90926.5,1/1/2025,TRUE,Remember rock method success for business line.
449,Brenda Owens,65,Female,97794.36,9/20/2022,TRUE,White animal answer arm study.
450,Caitlin Henson,53,Male,94002.84,1/17/2022,FALSE,Political more money off save above civil.
451,Stephanie Oneal,35,Other,59655.99,1/22/2016,FALSE,Appear pattern run his magazine bank site.
452,Paige Fox,24,Female,89930.43,4/19/2021,FALSE,Expect word safe population safe.
453,Karen Hartman,24,Female,36328.82,12/13/2020,TRUE,Thing police off book turn card soldier kid.
454,Daniel Patel,26,Male,42082.52,11/24/2019,FALSE,Police president pick every.
455,Katherine Hunter,40,Female,100815.77,2/17/2018,TRUE,Huge certainly several pressure big must.
456,Jennifer Jones,42,Male,115901.91,12/7/2019,FALSE,Room sport hair start happy.
457,Joseph Petersen,25,Male,44219.97,8/22/2022,TRUE,For southern that citizen significant month news.
458,Michael Massey,27,Female,44833.39,7/8/2023,TRUE,Significant language important five anything threat.
459,Whitney Powell,58,Male,100563.52,12/18/2024,FALSE,Yeah call site significant tree again second.
460,Sara Wright,54,Female,57521.46,3/24/2023,FALSE,Nearly consider sit physical when seat commercial entire.
461,Jacob Martinez,33,Female,107185.21,5/16/2016,TRUE,Close find visit.
462,Jackie Hamilton,21,Other,68823.13,4/23/2020,FALSE,Business marriage moment big along.
463,Jessica Taylor,50,Other,94733.84,11/23/2015,FALSE,Agreement born dog talk tonight itself tend.
464,Tina Perez,63,Other,55354.75,1/26/2024,TRUE,Center begin thousand quite bag face level.
465,Douglas Washington,49,Female,106567.43,4/20/2023,FALSE,Their fill thank through cost significant.
466,Alicia Sharp,52,Female,68492.31,12/5/2023,FALSE,Continue affect industry physical up heart.
467,Elizabeth Williams,25,Male,37376.53,1/11/2025,FALSE,Poor situation official item school.
468,Aaron Newman,51,Other,79309.61,8/1/2018,FALSE,Author individual traditional actually risk.
469,Crystal Salazar,45,Female,96159.89,5/21/2024,FALSE,Itself much science.
470,Zachary Weber,39,Male,109165.02,4/2/2023,FALSE,Travel as rather wait successful economic early top.
471,Joseph Figueroa Jr.,37,Male,63627.84,10/3/2017,FALSE,Tough other training Mrs.
472,Kevin Matthews,56,Male,97963.97,11/24/2017,FALSE,Player watch believe stand official billion.
473,Laurie Bates,22,Other,71176.92,5/21/2022,TRUE,Available sort generation particular Mr time information.
474,Willie Guzman,18,Female,33047.65,7/7/2017,FALSE,Concern thousand good live organization it apply.
475,Patricia Dean,47,Other,34361.86,5/4/2015,TRUE,Manage sometimes lead question away.
476,Travis Newton,35,Female,58063.11,12/15/2021,FALSE,Charge can especially culture.
477,Kelly Pineda,48,Male,51422.29,12/6/2019,FALSE,History also cost officer hit law office.
478,James Reynolds,46,Female,106160.77,5/4/2021,TRUE,Structure yard idea yeah.
479,Lori Jones,38,Other,94348.03,3/5/2016,FALSE,Fact probably president project everyone.
480,Beverly Lambert,46,Male,69208.2,5/11/2016,TRUE,Usually PM at expect region reality.
481,Patricia Brooks,50,Male,31906.25,3/17/2024,FALSE,Fact candidate partner southern security.
482,Darrell Norton,49,Female,72339.95,12/11/2023,TRUE,Process word law trial good poor.
483,Jeffrey Nixon,22,Other,93827.98,9/7/2016,TRUE,Writer or guess itself.
484,Christina Davis,19,Other,100672.11,9/23/2015,FALSE,Responsibility note hotel long treat industry not.
485,Katherine Jackson DDS,30,Other,72076.57,4/20/2022,FALSE,Success political level this eat in.
486,Laura Smith,44,Male,65621.95,11/23/2015,TRUE,Environmental power magazine.
487,Kevin Perez,24,Male,114565.64,5/6/2016,FALSE,In trial tell market woman charge certain read.
488,Paige Boyd,55,Female,41643.81,8/13/2022,FALSE,Four however case particularly red amount later.
489,Daniel Thompson,23,Female,48210.97,9/29/2023,TRUE,Often sea floor star forget pull wrong skin.
490,Anna Cooper,27,Female,56737.28,6/26/2020,TRUE,Husband common almost view international develop protect they.
491,Stephanie Rogers,49,Other,97985.72,10/8/2015,FALSE,Future money few at.
492,Brittany Lawrence,52,Other,48755.77,1/2/2017,TRUE,Federal certain land.
493,Chad Perry,47,Male,115041.04,2/6/2018,FALSE,Remain sound cell ability call.
494,Justin Taylor,22,Female,110127.82,8/2/2016,FALSE,War my official authority nature.
495,Vickie Hamilton,45,Male,83441.39,2/17/2024,TRUE,Lot some sit new.
496,Charles Stewart,36,Male,71717.86,1/19/2024,TRUE,Three figure head treat operation.
497,Cynthia Bruce,34,Male,74687.24,11/25/2018,FALSE,Cause employee sport ever seek.
498,Denise Hernandez,20,Female,35673.13,10/22/2024,TRUE,Air front event.
499,Amanda Hoffman,23,Female,96838.93,4/11/2016,TRUE,Level to may word low create.
500,Emily Williams,18,Female,78396.74,1/24/2016,FALSE,Thank before level pay daughter ten.
501,Peggy Gomez,43,Other,82880.61,12/12/2016,FALSE,Stage feeling sometimes environment table explain.
502,Lauren Bennett,41,Male,99672.49,12/5/2024,FALSE,Goal very single sure until.
503,Stephanie Drake,27,Male,80917.72,7/11/2019,FALSE,Two trade him growth.
504,Mr. Todd Davenport,22,Male,62482.87,4/25/2019,TRUE,Pressure back brother catch condition mouth.
505,Derek Johnson,52,Male,117479.8,6/18/2017,TRUE,Accept doctor explain former president goal.
506,Brooke Durham,36,Female,106944.42,11/26/2021,FALSE,Best total certain article information.
507,Ashley Perez,24,Male,34233.11,12/10/2021,TRUE,Family nothing value.
508,Lance Miller,35,Other,51022.81,3/6/2022,FALSE,Age until treat fight history them.
509,Taylor Moore,56,Other,73930.91,9/27/2021,FALSE,Mrs tree together check.
510,Jason Bean,59,Other,60345.26,9/13/2024,FALSE,Campaign challenge debate write campaign.
511,Faith Adams,26,Other,31417.43,2/13/2017,TRUE,Serious lose near when charge project thus.
512,Kristy Butler,46,Male,64599.28,2/12/2017,FALSE,Seek capital century agent Mrs answer.
513,Corey Vang,26,Other,90741.02,9/1/2020,FALSE,First effort computer image water guy once.
514,Benjamin Logan,35,Male,31168.87,9/11/2024,TRUE,Statement second bed church bring money.
515,Dustin Harrison,60,Male,68881.19,1/3/2017,TRUE,According article at anyone parent full not.
516,Amy Reynolds,54,Other,95713.19,2/12/2021,FALSE,Water have up effect rather race.
517,Billy Conrad,18,Female,94582.86,11/29/2020,TRUE,Success attack again capital blood what.
518,Steven Holland,34,Female,39126.61,12/29/2021,FALSE,Past red light ask build.
519,Priscilla Sullivan,42,Male,81388.02,11/8/2020,TRUE,Policy management through letter class blue.
520,Robert Rios,50,Female,89439.94,8/11/2023,FALSE,Network religious fly think.
521,Joe Green,51,Female,44850.7,7/29/2023,TRUE,Seem south current interesting.
522,Tyler Acosta,34,Male,100097.26,7/29/2016,FALSE,Bank great night democratic.
523,Chris Bishop,25,Male,54418.09,7/11/2020,FALSE,During capital action individual clearly finally trouble office.
524,Tracy Myers,31,Female,88203.01,7/14/2019,TRUE,Campaign he finish experience key enjoy herself get.
525,Rhonda Hayes,28,Female,111016.8,9/5/2016,TRUE,Any where federal toward see great leader standard.
526,Lisa Zimmerman,62,Male,31240.16,3/18/2018,TRUE,North door center week huge film.
527,Casey Nguyen,24,Female,117475.23,3/24/2022,TRUE,Research too large really world.
528,Jared Salas,31,Male,71394.79,4/10/2015,TRUE,Sign poor avoid accept decide.
529,Barbara Graham,39,Male,112546.07,4/22/2023,TRUE,Science who center much.
530,Stephen Martinez,25,Female,61542.74,12/6/2019,TRUE,Pick before almost seat food suggest bad.
531,Timothy Pearson,25,Other,98935.45,6/29/2024,TRUE,Unit trial north world remember.
532,Daniel Ross,25,Female,113868.13,11/30/2023,FALSE,Trial each may movie Mrs shake.
533,Kimberly Jackson,34,Female,115287.29,6/4/2019,TRUE,Happen artist body generation final remember girl account.
534,David Bender,45,Female,107242,6/14/2023,TRUE,Necessary until view outside blue despite.
535,Jonathan Alvarado,27,Female,98347.78,1/2/2023,TRUE,Level stuff win support fine.
536,John Fleming,31,Other,81188.04,10/4/2016,TRUE,Day international building various technology.
537,Mike Norton,63,Female,69430.57,8/31/2021,FALSE,Later pass around people left study.
538,Jennifer Esparza,21,Male,54532.96,8/4/2016,TRUE,Own available policy spend begin ask.
539,Mrs. Vanessa Bass,32,Other,71138.05,3/5/2025,TRUE,Data group those forward home.
540,Christine Parrish,33,Female,64538.12,1/16/2025,FALSE,Worker mind option Republican president material modern notice.
541,Raymond Green,56,Male,81036.57,8/25/2023,TRUE,Security environment medical property learn official benefit.
542,Elizabeth Maxwell,25,Male,86152.72,2/3/2019,TRUE,Again member instead former catch.
543,Nicholas Mercado,28,Other,32274.52,9/21/2016,TRUE,Traditional go low north.
544,Dylan Greene,60,Female,66453.62,7/8/2022,TRUE,History would claim medical.
545,Rachel Randolph,43,Female,118443.26,6/18/2016,FALSE,Up call form his.
546,Jason Baldwin,56,Male,77596.37,8/20/2022,FALSE,Unit direction bring newspaper middle job.
547,Mary Garcia,39,Other,37915.91,9/23/2017,TRUE,West audience apply.
548,Nathan Tucker,52,Other,83678,9/19/2020,TRUE,Bank protect benefit might record like.
549,Joseph Murray,56,Other,119934.81,6/12/2016,TRUE,Peace bit type.
550,Cindy Webb,41,Male,67889.67,12/10/2018,TRUE,Might difficult herself result scene threat.
551,Alexis Hart,36,Female,69365.1,11/5/2016,TRUE,Rather treat family see score.
552,Jonathan Lawson,47,Female,89135.91,11/24/2019,TRUE,News require certainly push.
553,Joseph Arnold,57,Male,111226.88,1/13/2023,FALSE,Organization first response bring car police.
554,Kevin Cook,24,Other,33443.71,5/26/2017,TRUE,Coach their send worker arm.
555,Darrell Dougherty,27,Other,51968.88,2/17/2021,FALSE,Fight yet institution story top paper lot I.
556,Jordan Velez,41,Female,59505.01,6/17/2017,TRUE,Small customer be late board peace.
557,Gregory Reed,35,Male,68932.81,1/7/2022,FALSE,After with media top chance mean.
558,Sheila Fritz,64,Male,66075.92,6/10/2024,TRUE,Today pattern western much.
559,Ian Silva,44,Other,58986.27,1/15/2024,FALSE,Box life expert customer me ahead.
560,Tina Clark,52,Female,64623.79,7/21/2022,TRUE,Month son run them detail.
561,Adam Medina,42,Female,54142.53,8/8/2018,FALSE,Decision impact money listen.
562,William Booth,46,Female,69256.97,9/18/2015,FALSE,Reality big husband defense toward travel.
563,Laura Rogers,47,Other,40147.1,7/1/2019,FALSE,Do our single return court.
564,Caitlin Stafford,22,Other,39016.19,11/14/2020,TRUE,Finally test director share minute chair scene.
565,Shannon Leonard,38,Other,71365.52,8/1/2020,FALSE,First statement bank save truth method.
566,Wendy Morris,53,Other,39118.81,12/29/2024,TRUE,Budget everyone seat speak analysis movement.
567,Madeline Alexander,21,Female,72084.5,4/26/2021,TRUE,Dream court page lawyer impact political course.
568,Carol Harris,26,Male,109668.17,1/7/2022,TRUE,Garden nation field see chance girl century and.
569,Bridget Smith,24,Male,109903.2,9/26/2018,FALSE,Possible care hand add site.
570,Bobby Trujillo,29,Female,46814.56,8/8/2015,TRUE,Care base road politics indicate.
571,Ashley Martinez,61,Female,45126.5,3/7/2018,FALSE,Ability series describe hour.
572,Tim Dunn,35,Female,110652.15,4/20/2016,FALSE,Though foot news job job arrive happen knowledge.
573,Kelly Hardy,56,Other,59134.34,12/11/2019,TRUE,Owner book mission claim generation film.
574,Kyle Cannon,52,Other,74107.42,12/4/2018,TRUE,Middle education community sign campaign likely on.
575,Michael Wilson,61,Male,111794.25,3/1/2023,FALSE,Anyone month movie easy red site act.
576,John Foster,31,Other,52409.3,6/3/2016,FALSE,Another side debate hope marriage.
577,John Lee,29,Other,67900.77,5/12/2024,TRUE,Near deep political.
578,Lisa Kelly,64,Other,74046.73,7/4/2024,FALSE,Herself trip bar watch send.
579,Dawn Palmer,60,Female,97163.45,11/13/2017,FALSE,Push notice senior threat off.
580,Tyler Benitez,42,Male,74712.91,10/17/2015,TRUE,Production whatever again alone participant past outside.
581,Amanda Gibbs,62,Female,87701.22,10/25/2023,FALSE,Skin close by discover official.
582,Cheryl Leon,31,Female,81555.45,3/23/2022,TRUE,Consider draw example political reveal.
583,Dana Hill,54,Male,75326.77,10/21/2018,FALSE,Answer training civil stop short.
584,Robin Rivera,56,Female,97260.18,12/29/2023,TRUE,Try table expect ten make.
585,Patrick Atkinson,53,Female,114087.46,3/15/2016,TRUE,Yard data school analysis.
586,Stacey Huffman,25,Female,50800.87,11/25/2021,FALSE,Doctor market sit kitchen general.
587,Denise Brown,22,Female,76521.75,10/21/2022,TRUE,Sign including take he smile.
588,Lori Perez,33,Female,81540.71,5/20/2020,TRUE,Our type born where.
589,Carolyn Hawkins,65,Other,107786.45,7/12/2015,TRUE,Kind star yard true size media forward.
590,Shawn Waller,57,Other,57363.61,6/13/2021,FALSE,Personal tonight share energy in test.
591,Melissa Rodriguez,33,Male,79734.76,1/20/2021,FALSE,Catch tonight send.
592,Austin Sharp,54,Female,110181.71,9/4/2017,FALSE,American night human.
593,Jennifer Brown,45,Female,99807.79,4/3/2021,FALSE,Beat pull individual trip order exactly.
594,Dana Patterson,48,Female,34612.52,3/13/2025,FALSE,Allow television miss another.
595,Mark Cummings,23,Male,47069.24,8/6/2015,TRUE,With at person professional bit.
596,Chad Ramos,57,Female,107295.36,8/21/2017,TRUE,Ago everyone here song south money.
597,Daniel Burnett,51,Male,96605.06,6/3/2016,TRUE,Material could walk college.
598,Rebecca Ritter,26,Female,54015.31,2/18/2019,FALSE,Across become human right.
599,Mark Cummings,31,Male,71203.31,5/16/2019,FALSE,Out white upon friend available whether sit.
600,Carolyn Higgins,28,Other,63770.63,8/17/2017,FALSE,Military letter some.
601,Jennifer Robertson,35,Female,36413.46,10/10/2016,TRUE,Question discover yourself would.
602,Jonathan Merritt,30,Female,47620.65,11/21/2017,FALSE,Beautiful process poor catch great fund.
603,David Crane,21,Other,112151.12,3/16/2021,TRUE,Turn yourself raise only.
604,Christopher Murray,19,Other,35019.03,3/30/2020,TRUE,Beyond send later but.
605,Joy Watson,29,Female,77952.83,6/17/2020,FALSE,Tv actually method his administration hear child.
606,Laura Kerr,37,Other,42517.74,4/12/2021,TRUE,Four those statement will page.
607,Lawrence Smith,38,Female,36736.28,7/5/2020,TRUE,Everyone customer rest significant sister tax.
608,David Tucker,48,Other,98918.72,10/12/2018,TRUE,Happen seek political break.
609,Nathan Brown,56,Female,114275.07,3/9/2021,TRUE,Big opportunity car top join place.
610,Rachel Beck MD,29,Male,46847.59,10/29/2018,FALSE,Player if billion.
611,Christine Moore,41,Other,30553.51,6/28/2018,TRUE,Stage pressure employee.
612,Joshua Porter,55,Other,95185.81,9/13/2020,TRUE,Task hard top southern set enjoy from.
613,Shane Miller,48,Female,83852.23,6/24/2023,TRUE,Major move from standard sometimes provide.
614,Rebecca Rodriguez,20,Male,44214.8,4/24/2024,TRUE,Chair himself cultural across eat movie.
615,Paul Lee,51,Other,33778.27,5/15/2024,TRUE,Woman maybe factor report store.
616,Belinda Reilly,61,Other,91299.21,8/16/2019,TRUE,Director interview value same social.
617,Joshua Maxwell,42,Female,38187.3,9/24/2016,TRUE,Forward light president.
618,Darryl Jones,57,Other,79347.14,3/1/2017,TRUE,Letter significant rate parent weight point.
619,Cynthia Kelley,42,Female,62230.85,10/25/2020,FALSE,Form college former maybe Mrs purpose.
620,Erin Weber,41,Female,103068.28,11/17/2017,TRUE,May star fund avoid nearly president.
621,Janice Reynolds,63,Female,117825.31,8/25/2021,TRUE,Challenge personal western religious garden source.
622,Wayne Thompson,39,Female,81701.64,9/20/2016,FALSE,Debate card form million for.
623,Chad Ellison,41,Female,82692.54,1/31/2018,TRUE,Maintain could share.
624,Brooke Patterson,31,Male,107306.83,1/19/2020,FALSE,Of official north policy series.
625,Terry Fields,28,Male,74464.56,2/26/2023,FALSE,Spring look pass build rather do her.
626,Kyle White,29,Male,44131.39,2/17/2019,FALSE,Fall year cold voice against apply.
627,Deborah Burton,64,Female,30020.37,7/29/2017,FALSE,Candidate with middle.
628,Nicole Meza,58,Male,85634.87,7/22/2016,TRUE,Perform use between.
629,Susan Lee,42,Other,64835.98,11/30/2023,TRUE,Could government sit sport vote line turn.
630,Lori Townsend,25,Male,66485.29,4/11/2019,TRUE,Others fine tree person one message.
631,John Fisher,59,Female,40302.72,8/3/2015,TRUE,Ok general term show sing job partner.
632,Betty Ramos,65,Female,66599.78,3/1/2017,TRUE,Else campaign military head next bill.
633,William Andrews,45,Female,36766.04,5/18/2018,TRUE,Trip report dark energy city.
634,Kelly Shaffer DDS,43,Male,101893.11,4/3/2024,TRUE,Hundred hold fear other everything current.
635,Jose Anderson,25,Male,36905.29,5/2/2020,TRUE,Senior call ago need bad hotel.
636,Jordan Mclaughlin,19,Female,94341.71,7/7/2017,FALSE,Police large public national at what election to.
637,Tina Mitchell,35,Male,32762.77,5/11/2018,TRUE,Realize practice writer camera never sound.
638,Danielle Oconnell,30,Female,56078.32,5/27/2020,TRUE,Civil between between second behind.
639,Eric Martin,36,Other,75595.59,1/13/2019,TRUE,Source often heart.
640,Crystal Sanchez,53,Female,76102.29,3/30/2022,FALSE,Eight value music identify activity discover star.
641,Nicole Stephens,31,Male,79244.12,3/17/2025,TRUE,Authority impact main street upon song prepare low.
642,Lisa Mcintosh,45,Male,98374.29,7/4/2023,FALSE,Enter turn the easy dinner represent.
643,Joseph Hernandez,18,Male,60058.92,5/7/2023,FALSE,Light no sit fact.
644,Kevin Daniels,64,Other,70749.87,4/30/2020,TRUE,Serious bar happen responsibility source remain exactly.
645,Danielle Harvey,39,Male,105256.86,4/30/2019,TRUE,Task why require.
646,Ashley Small,38,Female,52052.36,6/17/2019,TRUE,Financial yeah piece cell style throw.
647,Joseph Carter,29,Other,77544.06,12/25/2015,FALSE,Side statement doctor way.
648,Charles Brock,24,Male,77507.17,8/13/2015,FALSE,Easy opportunity brother tell baby suddenly.
649,Carolyn Rose,42,Male,79389.96,11/11/2016,TRUE,Charge star final serious.
650,Bruce Richards,20,Male,85792.83,3/22/2016,FALSE,Allow project resource figure happen son.
651,Timothy Brown,65,Other,80480.79,11/30/2024,TRUE,Yourself bank run better go.
652,Michael Morgan,26,Other,103367.39,9/8/2016,FALSE,Rock court agent network message.
653,William Moody,39,Male,79420.62,2/26/2025,FALSE,Politics test eye practice child argue.
654,Eric Sullivan,58,Male,44810.79,11/28/2016,TRUE,Include social off president.
655,Daniel Johnson,37,Other,50973.76,1/5/2018,TRUE,Administration move market reach network.
656,Justin Page,46,Other,50353.91,10/18/2021,FALSE,Require parent against thank position should.
657,Jacob Anderson DDS,21,Other,101076.72,3/27/2022,TRUE,Feel approach decision grow guess better response.
658,Anthony Wise,48,Male,48411.72,11/24/2017,FALSE,Organization attorney adult bag.
659,Matthew Spence,31,Male,59887.2,6/27/2024,TRUE,Sort above no name us until.
660,Denise Smith,25,Female,44686.71,10/30/2020,TRUE,Night heavy crime west.
661,Jennifer Reed,30,Male,31838.68,7/6/2020,TRUE,Performance thus every lose late like economic.
662,Shane Brown,29,Male,90396.4,5/8/2018,TRUE,During television according various either population.
663,Sarah Potter,23,Female,115495.3,9/4/2024,TRUE,Nor risk look thought ahead.
664,Mr. David Lopez,33,Male,104022.5,3/16/2021,TRUE,Goal standard doctor lead base rich notice structure.
665,Blake Sandoval,40,Female,100560.44,10/8/2018,TRUE,Health local another produce still arrive.
666,Rebecca Vazquez,51,Female,78406.64,11/11/2016,FALSE,Reason million public specific night soon.
667,Katie Foster,36,Other,86399.11,11/2/2024,TRUE,Land without drop type.
668,Damon Oneal,25,Other,95211.37,8/6/2015,FALSE,North long raise strong gas have.
669,Henry Cooper,55,Male,72352.03,3/28/2025,TRUE,Laugh material letter bag catch able above.
670,Scott Holden,24,Male,119163.18,8/28/2022,TRUE,Kid particular five commercial.
671,Mr. Christopher Duke,46,Other,51353.64,9/18/2018,FALSE,Difficult forget event physical really Congress.
672,Cody Perry,49,Female,87553.13,5/4/2018,FALSE,All international structure boy as institution.
673,Kathy Braun,20,Male,80777.18,10/4/2021,TRUE,Have difference case determine.
674,Kristi Phillips,50,Male,31116.09,7/10/2021,TRUE,Though herself central population performance apply hit.
675,Jessica Phillips,28,Other,78239.39,6/19/2021,FALSE,Response main memory prevent.
676,Kristin Smith,43,Other,103629.68,8/5/2022,FALSE,Figure Republican major glass official care drug wind.
677,Gina Salazar,40,Female,100627,8/31/2020,TRUE,Necessary even she perform true history.
678,Courtney Hopkins,40,Female,58245.97,9/21/2019,TRUE,Pick better form water another experience.
679,Diane Brewer,63,Other,59166.26,9/26/2024,TRUE,Allow theory true party if.
680,Anthony Huynh,24,Other,93125.38,9/28/2015,FALSE,Start view window family product present.
681,Taylor Barrera,39,Female,108502.15,1/10/2020,FALSE,Material environmental could story describe easy dream.
682,Melissa Garza,47,Other,79975.19,6/7/2015,TRUE,Buy last yourself woman someone central life doctor.
683,James Bonilla,36,Female,53660.56,12/1/2015,TRUE,Others building spend detail.
684,Alfred Wilson,27,Other,61121.26,1/24/2019,TRUE,What film type.
685,Catherine Nichols,37,Female,98706.66,7/7/2022,TRUE,Want ten last space.
686,Dr. Dawn Foster,40,Other,117427.31,9/17/2017,FALSE,First significant address everything yard situation.
687,Denise Murray,33,Other,68394.19,7/1/2024,TRUE,Order body church southern eye particularly community.
688,Aaron Edwards,34,Female,30941.82,4/9/2020,FALSE,Policy serve kind sound ability water rich college.
689,Thomas Nolan,29,Female,62496.02,6/6/2016,TRUE,Themselves customer usually imagine arrive during.
690,Suzanne Turner,57,Male,117151.3,6/9/2016,TRUE,Left maintain among indicate season majority forward study.
691,Margaret Stokes,37,Female,86617.47,5/2/2024,TRUE,Away town still possible along story.
692,Brandon Taylor,64,Female,111815.95,4/27/2020,TRUE,Line late look play.
693,Kellie Mullins,46,Female,96540.9,3/9/2022,TRUE,Pull campaign door collection.
694,Jennifer Johnson,60,Other,73311.45,1/26/2019,FALSE,Chair these general party west personal.
695,Karla Lewis,53,Other,95505.65,9/17/2015,FALSE,Summer board teach no.
696,Tracey Monroe,40,Female,54417.13,10/29/2017,TRUE,Area same grow interesting.
697,Carlos Garcia,64,Male,69781.04,11/30/2024,TRUE,Share significant ever amount that.
698,David Rodriguez,33,Female,65539.35,2/24/2020,TRUE,Follow their really movement physical meeting food along.
699,Amy Hamilton,55,Female,91175.61,1/3/2024,FALSE,Total accept offer protect body believe.
700,Roger Robinson,30,Female,75824.95,11/12/2020,TRUE,Section effect clear.
701,Jasmine Ashley MD,22,Other,86015.28,4/29/2020,TRUE,High start tax young toward especially me.
702,Johnny Holmes,53,Male,46678.49,7/3/2022,TRUE,Human section cup break statement.
703,Kathy Lang,61,Male,57622.49,11/8/2024,FALSE,Organization individual rock include site view number.
704,Garrett House,58,Other,31392.44,11/26/2024,FALSE,Tax guess quickly customer statement.
705,Eric Smith,21,Other,54269.92,12/8/2024,FALSE,Else often central though poor yourself worker.
706,Steven Davidson,24,Other,43004.93,5/29/2018,TRUE,Car attorney finally free challenge fish.
707,Ian Jensen,55,Female,60980.98,11/9/2018,FALSE,Now only stay throw should.
708,Jennifer Cabrera,35,Other,47501.13,8/12/2023,FALSE,Republican culture whether skin.
709,Stephen Yang,35,Female,58416.62,12/6/2023,TRUE,Table shoulder herself response size.
710,David Gilmore,54,Female,51237.08,1/1/2022,FALSE,Store your win throughout dark year seek.
711,James Barnes,41,Male,50833.21,11/24/2022,FALSE,Bed large mind collection mean.
712,Andrea Mullen,57,Male,101661.73,6/12/2018,TRUE,See show former as.
713,Brandon Young,43,Female,72897.21,7/21/2021,FALSE,Maybe international tax like class science pattern.
714,Sabrina Allen,45,Other,89372.46,9/8/2021,FALSE,Investment tell term employee song within support plant.
715,Tony Lester,38,Male,114298.14,8/30/2023,FALSE,Address organization source place two.
716,Steven Aguilar,59,Other,114390.54,6/13/2024,TRUE,Open ability item personal year almost.
717,Michael Acevedo,59,Male,31927.09,7/30/2022,TRUE,Director work country hundred office this.
718,Sarah Anderson,56,Other,92898.59,1/23/2021,TRUE,Person probably call nice worker.
719,Adam Powell,39,Female,66256.24,8/25/2018,TRUE,Middle type ball song politics part plant medical.
720,Cory Johnson,20,Female,34687.05,5/31/2018,FALSE,Law beyond number attack where.
721,Elizabeth Shaw,39,Other,101107.99,2/3/2019,FALSE,Say degree professional indicate article.
722,Danny Whitaker,33,Male,56602.85,7/30/2024,TRUE,Development say fine this bank race head.
723,Jason Gomez,28,Male,39128.77,6/25/2020,FALSE,Impact mission fund.
724,Heidi Johnson,55,Other,56021.6,3/30/2016,TRUE,Score both system dog spend huge.
725,Elizabeth Mccann,41,Female,82115.54,6/15/2021,TRUE,Draw behavior school write happy.
726,Travis Hardy,35,Female,63182.12,10/18/2018,TRUE,Dog mother something somebody deal lay involve.
727,Denise Jackson,23,Male,63237.46,9/27/2019,TRUE,Perhaps sport pattern to prove never discuss.
728,Juan Pugh,29,Female,50027.4,6/24/2016,FALSE,Because half past professor course bit far there.
729,Jesse Krueger,23,Other,75170.52,6/12/2015,TRUE,Mission government account six.
730,Willie Murphy,24,Male,49587.9,10/28/2017,TRUE,Successful realize true future answer item.
731,Amber Bradley,44,Female,47544.74,11/14/2015,FALSE,Seek expect bring big.
732,Vicki Andersen,35,Female,55092.12,8/10/2019,TRUE,Matter explain hot avoid right bar.
733,Michael Mcbride,31,Female,94229.48,11/23/2016,TRUE,Agency others laugh short collection.
734,Jeffrey Dudley,23,Other,32466.43,12/12/2016,TRUE,Relate until total into and scene administration.
735,Maria Dominguez,18,Female,75729.87,3/21/2021,FALSE,Memory left discover wait win bring land.
736,Sandra Gonzalez,30,Female,76626.16,9/21/2024,TRUE,Financial party risk with task group respond.
737,George Peterson,57,Other,109265.06,1/4/2023,FALSE,Policy few way.
738,Amanda Robles,52,Female,61808.57,6/11/2020,FALSE,Make song summer available voice similar week.
739,Denise Stokes,35,Female,114115.7,12/22/2016,TRUE,Happen establish another gas.
740,Russell Rios,27,Female,75984.67,9/16/2019,FALSE,Attention point capital campaign.
741,Julie Benjamin,33,Male,50706.21,7/26/2019,FALSE,Together us similar clear goal.
742,Nicholas Ford MD,27,Other,75310.44,10/7/2017,FALSE,People management big feel way throw feeling safe.
743,Tara Chavez,23,Female,62597.69,10/1/2023,TRUE,Throughout force tend hospital well rock paper.
744,Patty Wilson,33,Female,69234.89,6/6/2015,FALSE,Position audience heart respond car degree decision.
745,Christopher Simpson,45,Female,46703.21,12/21/2020,TRUE,Condition adult pick eat.
746,Anthony Williams,64,Male,40048.66,1/14/2016,FALSE,Us describe its window customer.
747,Peter Johnson,52,Male,116756.55,1/10/2017,FALSE,Whole commercial of keep former.
748,Brenda Butler,40,Male,76662.14,4/15/2021,FALSE,Dinner bill compare protect her wish cost.
749,Peggy Weber,63,Other,34187.53,1/5/2019,TRUE,Unit family as thank growth evidence bag.
750,Amanda Hoover,34,Female,39243.55,3/14/2022,FALSE,Local season charge arm.
751,Lisa Barton,31,Male,101183.84,3/26/2016,TRUE,Learn dinner left put crime amount plan.
752,Rachael Miller,55,Male,69241.91,9/12/2019,TRUE,Space best note manager lot candidate field.
753,John Nelson,55,Other,40862.24,6/4/2023,FALSE,In between how miss many.
754,Rachel Aguilar,63,Other,36905.98,3/23/2018,FALSE,Without focus after Democrat.
755,Patrick Gordon MD,59,Male,109843.86,12/19/2017,TRUE,Opportunity table professional often dinner believe choose.
756,Joseph Houston,25,Other,30563.63,8/16/2024,TRUE,Reason order but fish least soon.
757,Louis Gallegos,48,Female,75699.49,5/20/2020,FALSE,Same eat history yet again attack about.
758,Russell Le,19,Other,49769.76,11/4/2019,TRUE,Natural various find idea someone raise area.
759,Jennifer Pierce,33,Other,109220.76,5/7/2017,TRUE,Cold yet push report spend north week.
760,Felicia Baker,49,Male,96406.36,11/4/2024,FALSE,Himself behind indicate remember realize career.
761,Patrick Calderon,48,Male,85255.13,9/2/2020,TRUE,Pattern present indeed increase make.
762,Kimberly Dorsey,57,Male,101738.3,11/2/2015,TRUE,Left subject garden in class red test.
763,Teresa Wood,19,Male,46287.56,9/15/2016,TRUE,Fall claim focus decision ok summer state stock.
764,Chloe Carter,22,Male,94282.76,11/23/2018,FALSE,Under family peace current sometimes adult easy.
765,Ashley Gonzalez,48,Other,44495.16,5/28/2021,FALSE,Entire laugh nor tax.
766,Harold Williams,54,Male,72127.99,1/15/2021,TRUE,Fall painting tough power remain environment help.
767,Heather Willis,59,Female,30850.77,3/1/2024,FALSE,Author whether card practice.
768,Anna Navarro,45,Other,33382.3,7/8/2022,TRUE,Often all share tax pick account center tree.
769,Dr. Kirk Keller,32,Male,85072.84,7/7/2022,TRUE,Land fall style.
770,Charles Rodriguez,23,Female,91610.75,4/14/2020,TRUE,Fear sound choice.
771,Travis Garrison,33,Other,79186.97,7/18/2019,TRUE,Ground learn how rule matter on.
772,Vincent Stone,34,Female,92811.52,8/1/2018,TRUE,Fact stock while language gas.
773,Melvin Edwards,28,Female,80182.35,11/20/2017,TRUE,Drop believe hard political career race employee score.
774,Sean Allen,29,Male,30808.89,4/13/2021,FALSE,Air course personal read mean look.
775,Derek Reilly,27,Male,65847.5,10/9/2017,FALSE,Tonight explain not color range week.
776,Nancy Parrish,44,Other,69761.1,5/27/2015,TRUE,Democrat argue free upon.
777,Bryce Stevens,18,Other,73274.51,12/28/2016,FALSE,Us room occur explain.
778,Rachel Williams,23,Other,56537.83,9/16/2018,TRUE,Sound begin green raise sound.
779,Anthony Jackson,30,Female,58530.46,1/11/2017,FALSE,Attention current join argue ability place table.
780,Cody Parker,36,Other,60095.07,12/25/2022,FALSE,Evening pick return break.
781,Jessica Harris,26,Other,45341.02,8/3/2015,TRUE,Door continue easy particularly already.
782,Amanda Newman,60,Other,60432.95,6/5/2019,TRUE,Let loss reach class case account country.
783,Stephanie Owens,40,Other,33174.5,3/4/2022,TRUE,Wonder do difference approach friend.
784,Rebecca Jackson,51,Male,109340.93,8/21/2024,FALSE,Walk owner result decide concern.
785,Barbara Davenport,36,Other,86189.64,5/27/2021,TRUE,Parent meet church.
786,Robert Richard,20,Other,91162.52,9/26/2022,TRUE,Safe house summer.
787,Amanda Simpson,40,Other,117163.59,8/14/2017,TRUE,Represent cup official available course rich.
788,Cathy Smith,43,Male,87450.29,11/5/2021,TRUE,Difficult ahead just as top level.
789,Dennis Mcdonald,19,Other,55770.19,7/10/2021,FALSE,Property likely up even.
790,Michael Lynch,25,Other,81811.81,10/13/2015,FALSE,Send on worry member artist.
791,John Bowen,26,Female,80936.17,2/3/2025,TRUE,Pick without very act body.
792,Tammy Ruiz,44,Female,103813.73,4/3/2017,FALSE,Reflect old accept couple television assume test yourself.
793,Theresa Waller,28,Other,56726.08,1/12/2021,FALSE,Church process ready return.
794,Lawrence Sandoval,22,Female,111625.61,3/26/2023,FALSE,Natural letter father author center.
795,Kelly Wallace,52,Female,89754.42,3/17/2017,FALSE,Task also wrong policy some service.
796,Craig Garcia,65,Male,38290.43,5/19/2017,FALSE,Skin carry responsibility.
797,Raymond Martin,33,Other,75729.45,9/19/2018,FALSE,Pressure significant physical attack add.
798,James Jones,22,Female,49011.62,10/20/2020,FALSE,Next situation hand many two million.
799,Jeffrey Bridges,60,Other,104705.06,4/19/2023,FALSE,Say worker picture pick audience can tax.
800,Tyler Brennan,19,Other,77748.3,3/12/2018,FALSE,Turn couple base old color.
801,Charles Schneider,64,Male,70052.74,11/21/2017,FALSE,Move one finally moment walk.
802,Alyssa Ferguson,41,Other,75040.37,11/26/2015,FALSE,Ever catch nor upon billion.
803,Christine Lowery,38,Female,94951.77,8/29/2023,FALSE,Job Mrs several evidence house.
804,Sarah Clarke,47,Other,102589.09,1/10/2020,TRUE,Son almost gas either time might across.
805,Danny Little,44,Female,119069.85,9/3/2020,TRUE,Kind go series.
806,Laura Elliott,24,Female,52328.99,6/27/2017,TRUE,Dream understand reason indicate.
807,William Holland,51,Female,40536.6,10/26/2021,FALSE,Not any choice cell project during.
808,Jeremy Yang,61,Male,52941.37,8/21/2015,TRUE,Land chair ten range house out wide.
809,Mary Williams,49,Female,57192.15,7/23/2021,FALSE,Class market loss remain.
810,John Martinez,19,Male,42075.13,2/16/2024,TRUE,Play speak institution phone past learn between.
811,Pam James,25,Male,81749,9/25/2019,TRUE,Worker yourself question learn purpose feel indicate give.
812,Regina Johnson,38,Male,104105.89,1/29/2023,TRUE,Consumer test before environment challenge land.
813,Barbara Walker,64,Female,94996.06,9/4/2016,FALSE,A seek town memory thought set.
814,Dr. Kristina Brown,64,Other,57479.7,10/18/2020,TRUE,Them often perform one majority agreement indeed.
815,John Huang,35,Other,68975.1,5/18/2017,TRUE,Sea cold lose allow mouth man.
816,Anthony Buchanan,26,Female,43430.66,2/29/2024,FALSE,President hospital kind think spend past.
817,James Mclaughlin,52,Female,100170.17,7/9/2024,FALSE,Security surface should father any behind.
818,Kaitlin Nelson,43,Female,86606.22,8/21/2018,FALSE,Local see media tonight generation author listen.
819,Nicholas Merritt,65,Other,118939.89,4/5/2025,TRUE,Test its try real.
820,Brenda Garcia,31,Male,78082.35,7/20/2018,FALSE,Face also may blood.
821,Garrett Hughes,47,Female,110735.6,5/21/2016,TRUE,Interesting walk certainly recent specific Republican.
822,Kevin Daniel,28,Female,85938.92,10/29/2019,FALSE,Current yourself determine nothing can simple hotel.
823,Joel Atkins,31,Female,44280.12,7/14/2020,FALSE,Civil out learn Democrat according.
824,Jeremy Krueger Jr.,60,Female,82090.36,2/16/2019,TRUE,Fast help Democrat thing cultural.
825,Bryan Stephens,38,Male,63467.73,8/29/2021,FALSE,Take pay place far box across prove.
826,Tara Mitchell,50,Male,95427.81,7/19/2024,TRUE,Not part address attorney exist key seek.
827,Nicholas Riggs,41,Male,31567.35,5/1/2024,TRUE,Public again building side.
828,David Reeves MD,41,Male,92855.8,11/11/2016,FALSE,Ability once cold late professor any.
829,Philip Smith,56,Female,92437.73,10/5/2016,FALSE,Resource rate activity.
830,Barbara Smith,44,Male,94074.92,11/1/2024,FALSE,National writer them brother tax.
831,Eric Nguyen,60,Male,43154.19,4/21/2023,FALSE,Into fish fear summer sit at few.
832,William Brown,25,Female,86238.8,10/22/2016,FALSE,Data author blue huge person yard miss quickly.
833,Edwin Garza,60,Other,114317.62,3/1/2017,TRUE,Also industry reduce score charge bill party think.
834,Cassandra Bell,49,Other,48862.08,9/25/2020,TRUE,Several least economy practice management economic.
835,Jose Payne,47,Other,68995.79,3/6/2017,TRUE,Get many nearly summer development event national.
836,Adam Campbell,33,Other,46987.05,3/19/2020,TRUE,Specific suffer claim dog type office newspaper.
837,Sherry Campbell,57,Female,70511.44,8/13/2023,TRUE,Various particular serious region.
838,Katelyn Smith,62,Male,78673.22,7/22/2024,TRUE,Available dinner capital reveal must few.
839,Aaron Lucas,49,Other,47432.77,8/27/2016,FALSE,Dinner glass half thing.
840,Susan Munoz,63,Male,55569.11,9/6/2017,TRUE,Both call cold anyone.
841,Audrey Roman,29,Male,110457.88,11/13/2018,FALSE,Tax somebody speech.
842,Katherine Savage,64,Female,69358.94,12/7/2022,FALSE,Form somebody current yes provide away girl.
843,Alexandra Bell,30,Male,38808.27,9/18/2021,FALSE,Project enough thing beyond.
844,Kevin Lloyd,30,Female,46937.54,2/5/2018,FALSE,Page democratic myself reflect officer.
845,Thomas Hughes,51,Female,47997.24,1/26/2024,FALSE,Tend adult particularly traditional single.
846,Cindy Hood,52,Other,42099.51,12/28/2023,TRUE,Discussion cause decision meet far.
847,Pamela Newman,61,Female,88678.06,4/3/2025,TRUE,Community indicate buy before.
848,Brittany Shelton,34,Male,46520.15,7/10/2020,TRUE,Score rule ever professional physical member data.
849,Juan Medina,44,Female,53077.23,9/20/2016,FALSE,Ball risk property this ready there million cover.
850,James Jones,51,Other,93151.32,9/30/2022,FALSE,Level history move whose PM.
851,Robert Hale,52,Male,90683.69,12/12/2019,FALSE,Democratic senior value participant.
852,Scott Warren,60,Other,45058.47,12/3/2021,FALSE,Place decision Mr capital exist last young blue.
853,Rhonda Edwards,57,Male,99488.59,7/27/2017,TRUE,Nor attention operation blue could green interest.
854,Thomas Garza,36,Female,118925.15,8/14/2023,TRUE,According share become back be night floor.
855,Joseph Freeman,32,Other,85247.27,4/29/2016,TRUE,Process yeah matter often summer.
856,Maria Gilbert,52,Female,112425.13,3/5/2017,TRUE,Nation again though.
857,James Brown,55,Male,72523.32,11/18/2023,FALSE,Possible gas see entire office pull debate fire.
858,Dominique Rivas,61,Female,38184.94,7/2/2020,FALSE,Cost rule authority research rather Mrs.
859,Spencer Rogers,59,Other,105219.73,9/8/2018,TRUE,Somebody expert system establish run moment.
860,Michael Warren,18,Other,108922.33,10/1/2017,FALSE,Skin school mother environmental politics half score.
861,Robin Davis,27,Male,50809.85,12/19/2020,FALSE,Dark these street tree research special training.
862,Andrew Cook,30,Male,38081.27,1/8/2020,TRUE,Billion wait man create everything their.
863,Elizabeth Murphy,32,Female,99630.4,9/8/2020,TRUE,Leave how discuss.
864,Heather Wheeler,58,Male,71618.61,3/25/2016,FALSE,Shake own series station quality.
865,Omar Davis,33,Female,42384.72,5/23/2015,FALSE,Month skill production difficult garden far leg conference.
866,Laurie Zuniga,36,Male,37168.18,3/15/2016,FALSE,Test participant cost run impact tree.
867,Christopher Tucker,44,Other,33061.34,2/2/2025,TRUE,View morning factor hand offer among mother full.
868,Brandy Diaz,30,Male,64614.43,8/24/2016,TRUE,Magazine perform fund other great.
869,Kelly Stewart,35,Male,83315.85,1/7/2019,TRUE,Across least around should case young.
870,Devin Clark,54,Female,67065.65,10/21/2016,TRUE,Western professional our try woman.
871,Richard Willis,58,Other,81982.09,1/14/2020,FALSE,Church machine song region.
872,Amy Olson,41,Male,85324.33,1/4/2022,FALSE,Before certain price soon after item.
873,Amanda Mercado,21,Female,77814.77,4/6/2016,TRUE,Information very paper while teacher either home.
874,Kelly Thomas,52,Other,33179.35,6/23/2018,TRUE,Sit set behind chair total its.
875,Nicole Owens,18,Male,114893.85,6/17/2022,FALSE,We truth wear.
876,Stephanie Evans,60,Other,36331.29,8/1/2020,TRUE,Sometimes likely investment number material.
877,Ronnie Washington,55,Other,57842.43,6/11/2019,TRUE,Phone bit yourself movement argue year.
878,Amanda King,51,Male,57187.89,12/24/2020,FALSE,Book no loss live real.
879,Roger Blake,49,Female,61632.9,6/9/2015,FALSE,Rich cup near yourself air.
880,Terri Moore,20,Female,73141.64,10/30/2024,TRUE,Certainly cell arrive affect whether.
881,Bethany Harper,25,Female,71528.3,2/18/2021,TRUE,Their once candidate near idea government represent say.
882,Cindy Rogers,61,Male,36116.27,10/29/2018,TRUE,Threat cover meeting leader.
883,Michele Walton,63,Male,91535.12,7/8/2017,TRUE,Better drive size.
884,Michael Stewart,50,Other,32408.87,5/20/2022,TRUE,Feel PM table seem both can my.
885,Sarah Sanchez,37,Female,60865.82,12/21/2018,FALSE,Skin after none the show across entire.
886,Diane Lara,40,Female,87872.3,4/18/2019,TRUE,Official fill life science note analysis type.
887,Darren Mendoza,20,Female,94013.14,5/27/2023,TRUE,Development control common night interesting really.
888,Christopher Wise,31,Female,104813.98,10/21/2023,TRUE,Visit yet remain Mrs affect.
889,Erika Gardner,25,Male,106075.76,9/13/2020,TRUE,Modern worry American special hospital.
890,Nicholas Park,50,Female,30620.02,1/27/2019,TRUE,Third especially good exactly at often important.
891,James Green II,60,Male,71626.37,12/22/2024,FALSE,Now amount throughout free begin get fly.
892,John Caldwell,18,Female,52807.39,12/18/2021,TRUE,Cup statement only whose authority feel.
893,Tina Fuller,47,Female,90675.47,3/22/2025,TRUE,Up bed feeling age message according oil.
894,Brian Reeves,64,Other,76304.17,3/2/2022,TRUE,Clear year moment throughout issue try.
895,Jordan Webb,24,Other,81977.9,8/7/2018,TRUE,Us learn cultural conference stand democratic effort.
896,Amy Oliver,44,Female,105103.61,3/19/2023,TRUE,Fill group way whole remember.
897,Charles Coffey,46,Female,98632.07,5/23/2020,TRUE,Believe forget series dream.
898,Christine Frye,61,Female,114345.7,7/21/2021,FALSE,Huge fly president matter address indicate.
899,Xavier Bridges,65,Other,59062.22,11/20/2017,TRUE,Drug others everyone inside worry.
900,Joann Santiago DDS,41,Male,76980.16,2/27/2018,TRUE,Series glass ready.
901,Brian Page,58,Female,95161.33,1/9/2021,TRUE,Newspaper manage notice watch business pattern name thing.
902,Jillian Roberts,26,Male,96497.7,4/4/2020,TRUE,Future turn family pattern throw center.
903,Jeff Hayden,65,Male,31279.73,10/16/2023,TRUE,Give view eight maintain.
904,Nancy Strong,28,Male,105805,5/14/2017,FALSE,Want speech financial but size at.
905,Debbie Mullen,18,Female,93557.6,8/31/2018,FALSE,Country international machine image federal animal.
906,Jason Kennedy,52,Female,113642.57,3/22/2022,TRUE,Move table yeah since owner.
907,Jason Carlson,20,Male,60639.45,2/2/2024,TRUE,Learn owner away also.
908,Bridget Nguyen,49,Male,52913.26,10/22/2017,TRUE,Rest simply model discuss just table drug.
909,Ryan Walker,37,Female,70512.2,6/3/2021,FALSE,Direction many teach heart culture charge.
910,James Mathis,54,Other,106168.96,9/22/2015,TRUE,Factor success go my pattern wait main.
911,David Alvarez,50,Male,60139.61,12/10/2017,TRUE,Election account task mean.
912,Deborah Gomez,21,Other,52509.05,1/11/2025,TRUE,Region order though still type prepare.
913,Joanna Mora,44,Other,32311.96,7/22/2022,TRUE,Large itself help inside control decide.
914,Joseph Brown,43,Other,117728.72,8/6/2023,FALSE,Result everybody why seem.
915,Richard Carpenter,58,Male,67465.6,9/29/2016,TRUE,Former matter stuff environment.
916,Michael Russell,52,Other,55936.38,2/16/2024,FALSE,Young soldier choose.
917,Patricia Jones,57,Female,38102.71,2/1/2019,TRUE,Sea decade month however.
918,Amy Harrington,20,Male,52366.71,7/11/2015,FALSE,Vote business task herself but teacher half.
919,Sean Ramirez,28,Male,92556.5,8/12/2015,TRUE,Find animal such address.
920,Michelle Barnes,29,Female,47001.5,5/18/2017,TRUE,Off over tend.
921,Brittany Petty,27,Other,99504.15,12/15/2021,FALSE,Same miss star health near look.
922,Richard Farmer,49,Male,75947.43,7/8/2015,TRUE,Base material minute walk also.
923,Joseph Zavala,28,Male,114021.97,12/13/2017,FALSE,Spend among reveal.
924,Virginia Wood,21,Female,66393.08,6/18/2020,TRUE,Have bag value anyone long down education.
925,Heather Lopez,46,Female,33535.15,4/28/2024,TRUE,Serve from chair source catch lead.
926,Christy Simon,22,Male,84300.21,10/25/2019,TRUE,Office concern owner agreement especially large vote.
927,Nathan Rivera,53,Other,112631.25,9/7/2022,TRUE,Remain large management ground whatever side seven.
928,Mary Peterson,43,Other,95752.53,10/29/2019,FALSE,Catch case member.
929,Thomas Johnson,38,Male,63959.72,1/3/2019,FALSE,Try forward would seem air.
930,Olivia Martinez,38,Male,35815.63,7/26/2015,TRUE,Member why short others often.
931,Connor Howard,28,Male,77152.86,3/20/2018,TRUE,Bar born change raise citizen run issue.
932,Julie Wilson,50,Other,92400.24,8/11/2021,FALSE,Price Congress south air leader.
933,Roger Gonzalez,52,Female,40889.63,4/29/2019,TRUE,She reveal officer treatment officer natural should hotel.
934,Jeremy Cole,33,Female,105797.8,2/1/2025,FALSE,Middle picture production defense economy.
935,Audrey Owens,26,Male,98179.77,5/22/2024,FALSE,Possible table her standard month four.
936,Brittany Russell,20,Male,105705.71,6/9/2018,TRUE,Unit operation or interest.
937,William Olsen,44,Male,77897.02,8/30/2019,TRUE,Listen pattern rule if baby.
938,Deborah Patterson,60,Other,119867.2,4/10/2016,FALSE,Despite energy do apply forget bar center.
939,Kristin Nielsen,27,Female,44923.14,3/31/2016,TRUE,Mrs baby table teacher particularly.
940,Jason King,25,Male,90063.33,9/9/2023,FALSE,Pay security heavy.
941,Cristina Lynch,56,Female,98961.88,11/29/2021,FALSE,Heart rate public happen or.
942,Susan Thomas,55,Other,47993.02,10/6/2018,TRUE,Dog usually thank create water interesting thousand.
943,Scott Jackson,59,Male,56310.81,10/3/2015,TRUE,Range tell under find generation young.
944,Sheila Williams,46,Male,87949.9,6/19/2022,TRUE,Water here recent how.
945,Nicole Wilson MD,30,Male,94340.13,3/4/2024,FALSE,Happy carry father break phone at.
946,Stephanie Benson,26,Other,79042.27,6/3/2024,TRUE,Event spend type hope dark describe collection sure.
947,Walter Lawrence,34,Other,95071.87,1/2/2023,TRUE,Subject seat imagine everybody cover brother.
948,John Johnson,52,Female,49287.44,1/2/2023,TRUE,Vote again produce enter.
949,Brandon Cooper,58,Other,78645.85,7/15/2016,FALSE,His follow never crime.
950,Christopher Russell,26,Female,44533.96,6/17/2016,TRUE,Message mean water.
951,Jeffrey Frederick,41,Female,50092.81,5/29/2015,FALSE,Culture information recently three those.
952,Alice Turner,29,Female,34991.84,7/12/2020,FALSE,Institution model other military carry development.
953,Brian Lucas,44,Male,98509.35,10/13/2018,FALSE,Day itself raise TV later remain then.
954,Daniel Nelson,46,Male,92084.52,8/15/2017,TRUE,Democratic choice inside.
955,George White,18,Female,72704.14,2/22/2024,TRUE,Cost she energy born president.
956,Kristen Smith,43,Male,118875.99,4/7/2017,FALSE,Morning I blue move.
957,Tammy Gonzalez,53,Other,92103.82,3/11/2024,FALSE,Suffer trip team attention everything gas.
958,Cheryl Wright,19,Female,31663.7,11/4/2024,FALSE,Life guy institution people forget.
959,Daniel Shelton,39,Male,109664.01,1/9/2025,TRUE,Worker field both long maybe.
960,Richard Lane,37,Male,117154.95,4/5/2018,FALSE,Create care hear everyone reality.
961,Rodney Moore,63,Other,54332.47,6/22/2015,FALSE,Relate school however various sister up.
962,Frank Chavez,33,Other,106372.94,7/8/2018,FALSE,Factor already million better hotel camera position.
963,Mrs. Jordan Collins,60,Other,62294.15,3/11/2025,TRUE,Future long look hope.
964,David Mason II,63,Female,104532.55,9/13/2015,TRUE,Big heart suggest doctor grow us.
965,Gabrielle Bass,64,Male,31024.96,9/9/2021,FALSE,Operation third worry could play fish.
966,Andrew Johnson,36,Male,62956.71,5/9/2016,FALSE,Decade when never land.
967,Deborah Carter,42,Male,37870.69,8/28/2021,TRUE,Early season politics somebody involve staff possible.
968,Ryan Trujillo,26,Other,81614.51,5/28/2020,FALSE,Face arm until nearly some know beyond.
969,Veronica Turner,30,Other,51934.89,11/30/2021,TRUE,Population chance security yourself young opportunity our.
970,Cheryl Baker,37,Other,39599.91,12/1/2017,FALSE,Hundred artist decide grow argue body star.
971,Leslie Wang,47,Other,71855.29,11/3/2016,TRUE,Student street friend military.
972,Eric Jackson,51,Female,58840.47,12/4/2022,TRUE,Identify from economic third will last exactly.
973,Ryan Graves,57,Male,66797.52,8/16/2017,TRUE,Huge image field fund type both add.
974,Felicia Lopez,51,Male,76478.8,12/31/2020,TRUE,Do capital all why meeting rate half against.
975,Stephanie Wilson,40,Other,81675.9,12/30/2024,TRUE,Easy could itself floor.
976,Angelica King,40,Male,54145.88,3/29/2017,TRUE,Full good Mrs agreement thought.
977,Jessica Ross,32,Other,104306.08,11/21/2015,TRUE,Over throughout director again add.
978,Sherry Santiago,21,Female,45405.99,3/8/2020,FALSE,Sea consumer these once class.
979,Shelly Torres,23,Female,31512.23,6/10/2024,TRUE,Not ago professor discussion.
980,William Leonard,56,Other,63727.12,3/31/2025,TRUE,See among authority door direction change opportunity.
981,James Stevens,32,Other,66846.9,12/11/2019,TRUE,Together financial training think stop prevent.
982,Stephen Davis,57,Other,108325.67,2/14/2021,FALSE,Mother total prove huge their travel.
983,Cynthia Ortiz,32,Male,50591.94,12/11/2023,TRUE,Unit most physical far PM amount.
984,Shelby Vincent,21,Female,46763.51,7/29/2022,TRUE,Maybe computer pull whom.
985,Tracy Martinez,25,Male,59056.09,7/29/2024,TRUE,Business have field sound plan church religious.
986,Kathleen Reynolds DVM,57,Female,50340.89,8/5/2019,TRUE,Movie member exist early arm score final.
987,Julia Rodriguez,30,Female,95393.55,5/20/2021,TRUE,Also by establish reality side blue.
988,Robert Navarro,20,Male,106363.16,10/6/2019,FALSE,Concern son whatever direction yes.
989,Whitney Mcdaniel,27,Female,39801.33,2/1/2016,TRUE,Eight go foreign point degree.
990,Brendan Alvarado,24,Female,116091.49,5/11/2021,FALSE,Behind while back nature.
991,Dalton Taylor,30,Male,100744.86,5/13/2019,FALSE,Kid no kind world share.
992,Amy Watson,40,Male,103563.58,2/9/2019,FALSE,Together develop include dinner.
993,Lisa Williams,37,Male,69244,10/5/2018,FALSE,Cold successful citizen west.
994,Lynn Cohen,20,Other,87115.91,8/30/2017,TRUE,Month Mr even actually however cut.
995,Christopher Vaughn,51,Female,89498.53,3/28/2016,TRUE,Mrs certainly national remember employee final evening.
996,Tina Jones,30,Male,105703.28,7/5/2022,TRUE,Place heart country.
997,Sharon Avery,35,Female,108799.36,7/16/2016,TRUE,Appear remember health night.
998,Wanda Jackson,47,Female,67207.93,2/18/2023,FALSE,Team half source weight them wait off.
999,Brandon Moreno,18,Female,92155.75,7/5/2018,FALSE,Actually blue together movie attack.
1000,Joanne Evans,23,Other,107466.82,8/19/2023,TRUE,Range prevent why special age.
